course	section	lesson_number	lesson_title	file_path	audit_status	severity	gaps	applied_fix	public_profile	notes
iOS	00-informe	1	Informe del Curso: Stack My Architecture iOS	00-informe/INFORME-CURSO.md	pendiente	NA			review_public	
iOS	00-informe	2	Decisiones tomadas durante el desarrollo del curso	00-informe/DECISIONES-TOMADAS.md	pendiente	NA			review_public	
iOS	00-informe	3	Backlog técnico del repositorio	00-informe/TODO.md	pendiente	NA			review_public	
iOS	00-core-mobile	1	Core Mobile Architecture	00-core-mobile/00-introduccion.md	fixed_wave2	P0_closed	convencion_flechas,jerarquia_headings,narrativa_mixta_es_en,cierre_fences_mermaid	normalizacion_4_flechas+limpieza_markers+refuerzo_pedagogico+headings_es+fence_fix	public_default	ETAPA0 corregida en caliente; pendiente QA visual final cross-theme.
iOS	00-core-mobile	2	Marco de decisiones arquitectónicas	00-core-mobile/01-marco-de-decisiones.md	fixed_wave2	P0_closed	convencion_flechas,jerarquia_headings,narrativa_mixta_es_en,cierre_fences_mermaid	normalizacion_4_flechas+limpieza_markers+refuerzo_pedagogico+headings_es+fence_fix	public_default	ETAPA0 corregida en caliente; pendiente QA visual final cross-theme.
iOS	00-core-mobile	3	Invariantes y contratos	00-core-mobile/02-invariantes-y-contratos.md	fixed_wave2	P0_closed	convencion_flechas,jerarquia_headings,narrativa_mixta_es_en,cierre_fences_mermaid	normalizacion_4_flechas+limpieza_markers+refuerzo_pedagogico+headings_es+fence_fix	public_default	ETAPA0 corregida en caliente; pendiente QA visual final cross-theme.
iOS	00-core-mobile	4	Variabilidad y evolución sin caos	00-core-mobile/03-variabilidad-y-evolucion.md	fixed_wave2	P0_closed	convencion_flechas,jerarquia_headings,narrativa_mixta_es_en,cierre_fences_mermaid	normalizacion_4_flechas+limpieza_markers+refuerzo_pedagogico+headings_es+fence_fix	public_default	ETAPA0 corregida en caliente; pendiente QA visual final cross-theme.
iOS	00-core-mobile	5	Calidad PR-ready	00-core-mobile/04-calidad-pr-ready.md	fixed_wave2	P0_closed	convencion_flechas,jerarquia_headings,narrativa_mixta_es_en,cierre_fences_mermaid	normalizacion_4_flechas+limpieza_markers+refuerzo_pedagogico+headings_es+fence_fix	public_default	ETAPA0 corregida en caliente; pendiente QA visual final cross-theme.
iOS	00-core-mobile	6	Observabilidad y operación	00-core-mobile/05-observabilidad-operacion.md	fixed_wave2	P0_closed	convencion_flechas,jerarquia_headings,narrativa_mixta_es_en,cierre_fences_mermaid	normalizacion_4_flechas+limpieza_markers+refuerzo_pedagogico+headings_es+fence_fix	public_default	ETAPA0 corregida en caliente; pendiente QA visual final cross-theme.
iOS	00-core-mobile	7	Release, rollback y feature flags	00-core-mobile/06-release-rollback-flags.md	fixed_wave2	P0_closed	convencion_flechas,jerarquia_headings,narrativa_mixta_es_en,cierre_fences_mermaid	normalizacion_4_flechas+limpieza_markers+refuerzo_pedagogico+headings_es+fence_fix	public_default	ETAPA0 corregida en caliente; pendiente QA visual final cross-theme.
iOS	00-core-mobile	8	APIs, contratos y versionado	00-core-mobile/07-apis-contratos-versionado.md	fixed_wave2	P0_closed	convencion_flechas,jerarquia_headings,narrativa_mixta_es_en,cierre_fences_mermaid	normalizacion_4_flechas+limpieza_markers+refuerzo_pedagogico+headings_es+fence_fix	public_default	ETAPA0 corregida en caliente; pendiente QA visual final cross-theme.
iOS	00-core-mobile	9	Seguridad, privacidad y threat modeling	00-core-mobile/08-seguridad-privacidad-threat-modeling.md	fixed_wave2	P0_closed	convencion_flechas,jerarquia_headings,narrativa_mixta_es_en,cierre_fences_mermaid	normalizacion_4_flechas+limpieza_markers+refuerzo_pedagogico+headings_es+fence_fix	public_default	ETAPA0 corregida en caliente; pendiente QA visual final cross-theme.
iOS	00-core-mobile	10	Dependency governance y supply chain	00-core-mobile/09-dependency-governance-supply-chain.md	fixed_wave2	P0_closed	convencion_flechas,jerarquia_headings,narrativa_mixta_es_en,cierre_fences_mermaid	normalizacion_4_flechas+limpieza_markers+refuerzo_pedagogico+headings_es+fence_fix	public_default	ETAPA0 corregida en caliente; pendiente QA visual final cross-theme.
iOS	00-core-mobile	11	Plantillas operativas (con ejemplos reales)	00-core-mobile/10-plantillas.md	fixed_wave2	P0_closed	convencion_flechas,jerarquia_headings,narrativa_mixta_es_en,cierre_fences_mermaid	normalizacion_4_flechas+limpieza_markers+refuerzo_pedagogico+headings_es+fence_fix	public_default	ETAPA0 corregida en caliente; pendiente QA visual final cross-theme.
iOS	00-core-mobile	12	Crosswalk iOS ↔ Android	00-core-mobile/11-crosswalk-ios-android.md	fixed_wave2	P0_closed	convencion_flechas,jerarquia_headings,narrativa_mixta_es_en,cierre_fences_mermaid	normalizacion_4_flechas+limpieza_markers+refuerzo_pedagogico+headings_es+fence_fix	public_default	ETAPA0 corregida en caliente; pendiente QA visual final cross-theme.
iOS	00-core-mobile	13	1) Purpose of This Document	00-core-mobile/12-mobile-architect-parity-ios-android.md	fixed_wave2	P0_closed	convencion_flechas,jerarquia_headings,narrativa_mixta_es_en,cierre_fences_mermaid	normalizacion_4_flechas+limpieza_markers+refuerzo_pedagogico+headings_es+fence_fix	public_default	ETAPA0 corregida en caliente; pendiente QA visual final cross-theme.
iOS	01-fundamentos	1	Introducción al curso	01-fundamentos/00-introduccion.md	fixed_wave3	P0_closed	convencion_flechas,cierre_fences_mermaid,markers_auto,consistencia_semantica	normalizacion_4_flechas+fence_fix+limpieza_markers_auto+alineacion_semantica_etapa1	public_default	ETAPA1 corregida en caliente; pendiente QA visual final cross-theme.
iOS	01-fundamentos	2	Setup: Preparación del entorno	01-fundamentos/00-setup.md	fixed_wave3	P0_closed	convencion_flechas,cierre_fences_mermaid,markers_auto,consistencia_semantica	normalizacion_4_flechas+fence_fix+limpieza_markers_auto+alineacion_semantica_etapa1	public_default	ETAPA1 corregida en caliente; pendiente QA visual final cross-theme.
iOS	01-fundamentos	3	Principios de ingeniería	01-fundamentos/01-principios-ingenieria.md	fixed_wave3	P0_closed	convencion_flechas,cierre_fences_mermaid,markers_auto,consistencia_semantica	normalizacion_4_flechas+fence_fix+limpieza_markers_auto+alineacion_semantica_etapa1	public_default	ETAPA1 corregida en caliente; pendiente QA visual final cross-theme.
iOS	01-fundamentos	4	Metodología BDD: especificación y descubrimiento	01-fundamentos/02-metodologia-bdd-tdd.md	fixed_wave3	P0_closed	convencion_flechas,cierre_fences_mermaid,markers_auto,consistencia_semantica	normalizacion_4_flechas+fence_fix+limpieza_markers_auto+alineacion_semantica_etapa1	public_default	ETAPA1 corregida en caliente; pendiente QA visual final cross-theme.
iOS	01-fundamentos	5	Metodología TDD: práctica Red-Green-Refactor	01-fundamentos/02-metodologia-tdd-practica.md	fixed_wave3	P0_closed	convencion_flechas,cierre_fences_mermaid,markers_auto,consistencia_semantica	normalizacion_4_flechas+fence_fix+limpieza_markers_auto+alineacion_semantica_etapa1	public_default	ETAPA1 corregida en caliente; pendiente QA visual final cross-theme.
iOS	01-fundamentos	6	Stack tecnológico	01-fundamentos/03-stack-tecnologico.md	fixed_wave3	P0_closed	convencion_flechas,cierre_fences_mermaid,markers_auto,consistencia_semantica	normalizacion_4_flechas+fence_fix+limpieza_markers_auto+alineacion_semantica_etapa1	public_default	ETAPA1 corregida en caliente; pendiente QA visual final cross-theme.
iOS	01-fundamentos	7	Estructura Feature-First: paso a paso en Xcode	01-fundamentos/04-estructura-feature-first.md	fixed_wave3	P0_closed	convencion_flechas,cierre_fences_mermaid,markers_auto,consistencia_semantica	normalizacion_4_flechas+fence_fix+limpieza_markers_auto+alineacion_semantica_etapa1	public_default	ETAPA1 corregida en caliente; pendiente QA visual final cross-theme.
iOS	01-fundamentos	8	Feature Login: Especificación BDD	01-fundamentos/05-feature-login/00-especificacion-bdd.md	fixed_wave3	P0_closed	convencion_flechas,cierre_fences_mermaid,markers_auto,consistencia_semantica	normalizacion_4_flechas+fence_fix+limpieza_markers_auto+alineacion_semantica_etapa1	public_default	ETAPA1 corregida en caliente; pendiente QA visual final cross-theme.
iOS	01-fundamentos	9	Feature Login: Capa Domain	01-fundamentos/05-feature-login/01-domain.md	fixed_wave3	P0_closed	convencion_flechas,cierre_fences_mermaid,markers_auto,consistencia_semantica	normalizacion_4_flechas+fence_fix+limpieza_markers_auto+alineacion_semantica_etapa1	public_default	ETAPA1 corregida en caliente; pendiente QA visual final cross-theme.
iOS	01-fundamentos	10	Feature Login: Capa Application	01-fundamentos/05-feature-login/02-application.md	fixed_wave3	P0_closed	convencion_flechas,cierre_fences_mermaid,markers_auto,consistencia_semantica	normalizacion_4_flechas+fence_fix+limpieza_markers_auto+alineacion_semantica_etapa1	public_default	ETAPA1 corregida en caliente; pendiente QA visual final cross-theme.
iOS	01-fundamentos	11	Feature Login: Capa Infrastructure	01-fundamentos/05-feature-login/03-infrastructure.md	fixed_wave3	P0_closed	convencion_flechas,cierre_fences_mermaid,markers_auto,consistencia_semantica	normalizacion_4_flechas+fence_fix+limpieza_markers_auto+alineacion_semantica_etapa1	public_default	ETAPA1 corregida en caliente; pendiente QA visual final cross-theme.
iOS	01-fundamentos	12	Feature Login: Capa Interface (SwiftUI)	01-fundamentos/05-feature-login/04-interface-swiftui.md	fixed_wave3	P0_closed	convencion_flechas,cierre_fences_mermaid,markers_auto,consistencia_semantica	normalizacion_4_flechas+fence_fix+limpieza_markers_auto+alineacion_semantica_etapa1	public_default	ETAPA1 corregida en caliente; pendiente QA visual final cross-theme.
iOS	01-fundamentos	13	Feature Login: Retrospectiva del ciclo TDD completo	01-fundamentos/05-feature-login/05-tdd-ciclo-completo.md	fixed_wave3	P0_closed	convencion_flechas,cierre_fences_mermaid,markers_auto,consistencia_semantica	normalizacion_4_flechas+fence_fix+limpieza_markers_auto+alineacion_semantica_etapa1	public_default	ETAPA1 corregida en caliente; pendiente QA visual final cross-theme.
iOS	01-fundamentos	14	ADR-001: Diseño de la Feature Login	01-fundamentos/05-feature-login/ADR-001-login.md	fixed_wave3	P0_closed	convencion_flechas,cierre_fences_mermaid,markers_auto,consistencia_semantica	normalizacion_4_flechas+fence_fix+limpieza_markers_auto+alineacion_semantica_etapa1	public_default	ETAPA1 corregida en caliente; pendiente QA visual final cross-theme.
iOS	01-fundamentos	15	Conectando la App: Tu Primera App Funcional	01-fundamentos/06-conectando-la-app.md	fixed_wave3	P0_closed	convencion_flechas,cierre_fences_mermaid,markers_auto,consistencia_semantica	normalizacion_4_flechas+fence_fix+limpieza_markers_auto+alineacion_semantica_etapa1	public_default	ETAPA1 corregida en caliente; pendiente QA visual final cross-theme.
iOS	01-fundamentos	16	Entregables — Etapa 1: Junior	01-fundamentos/entregables-etapa-1.md	fixed_wave3	P0_closed	convencion_flechas,cierre_fences_mermaid,markers_auto,consistencia_semantica	normalizacion_4_flechas+fence_fix+limpieza_markers_auto+alineacion_semantica_etapa1	public_default	ETAPA1 corregida en caliente; pendiente QA visual final cross-theme.
iOS	02-integracion	1	Etapa 2: Integración — Dos features que trabajan juntas sin acoplarse	02-integracion/00-introduccion.md	fixed_wave4	P0_closed	convencion_flechas,cierre_fences_mermaid,markers_auto,consistencia_semantica	normalizacion_4_flechas+fence_fix+limpieza_markers_auto+alineacion_semantica_etapa2	public_default	ETAPA2 corregida en caliente; pendiente QA visual final cross-theme.
iOS	02-integracion	2	Feature Catalog: Especificación BDD	02-integracion/01-feature-catalog/00-especificacion-bdd.md	fixed_wave4	P0_closed	convencion_flechas,cierre_fences_mermaid,markers_auto,consistencia_semantica	normalizacion_4_flechas+fence_fix+limpieza_markers_auto+alineacion_semantica_etapa2	public_default	ETAPA2 corregida en caliente; pendiente QA visual final cross-theme.
iOS	02-integracion	3	Feature Catalog: Capa Domain	02-integracion/01-feature-catalog/01-domain.md	fixed_wave4	P0_closed	convencion_flechas,cierre_fences_mermaid,markers_auto,consistencia_semantica	normalizacion_4_flechas+fence_fix+limpieza_markers_auto+alineacion_semantica_etapa2	public_default	ETAPA2 corregida en caliente; pendiente QA visual final cross-theme.
iOS	02-integracion	4	Feature Catalog: Capa Application	02-integracion/01-feature-catalog/02-application.md	fixed_wave4	P0_closed	convencion_flechas,cierre_fences_mermaid,markers_auto,consistencia_semantica	normalizacion_4_flechas+fence_fix+limpieza_markers_auto+alineacion_semantica_etapa2	public_default	ETAPA2 corregida en caliente; pendiente QA visual final cross-theme.
iOS	02-integracion	5	Feature Catalog: Capa Infrastructure	02-integracion/01-feature-catalog/03-infrastructure.md	fixed_wave4	P0_closed	convencion_flechas,cierre_fences_mermaid,markers_auto,consistencia_semantica	normalizacion_4_flechas+fence_fix+limpieza_markers_auto+alineacion_semantica_etapa2	public_default	ETAPA2 corregida en caliente; pendiente QA visual final cross-theme.
iOS	02-integracion	6	Feature Catalog: Capa Interface (SwiftUI)	02-integracion/01-feature-catalog/04-interface-swiftui.md	fixed_wave4	P0_closed	convencion_flechas,cierre_fences_mermaid,markers_auto,consistencia_semantica	normalizacion_4_flechas+fence_fix+limpieza_markers_auto+alineacion_semantica_etapa2	public_default	ETAPA2 corregida en caliente; pendiente QA visual final cross-theme.
iOS	02-integracion	7	Navegación por eventos: el AppCoordinator	02-integracion/02-navegacion-eventos.md	fixed_wave4	P0_closed	convencion_flechas,cierre_fences_mermaid,markers_auto,consistencia_semantica	normalizacion_4_flechas+fence_fix+limpieza_markers_auto+alineacion_semantica_etapa2	public_default	ETAPA2 corregida en caliente; pendiente QA visual final cross-theme.
iOS	02-integracion	8	Contratos entre features	02-integracion/03-contratos-features.md	fixed_wave4	P0_closed	convencion_flechas,cierre_fences_mermaid,markers_auto,consistencia_semantica	normalizacion_4_flechas+fence_fix+limpieza_markers_auto+alineacion_semantica_etapa2	public_default	ETAPA2 corregida en caliente; pendiente QA visual final cross-theme.
iOS	02-integracion	9	Infraestructura real: URLSessionHTTPClient	02-integracion/04-infra-real-network.md	fixed_wave4	P0_closed	convencion_flechas,cierre_fences_mermaid,markers_auto,consistencia_semantica	normalizacion_4_flechas+fence_fix+limpieza_markers_auto+alineacion_semantica_etapa2	public_default	ETAPA2 corregida en caliente; pendiente QA visual final cross-theme.
iOS	02-integracion	10	Integration Tests	02-integracion/05-integration-tests.md	fixed_wave4	P0_closed	convencion_flechas,cierre_fences_mermaid,markers_auto,consistencia_semantica	normalizacion_4_flechas+fence_fix+limpieza_markers_auto+alineacion_semantica_etapa2	public_default	ETAPA2 corregida en caliente; pendiente QA visual final cross-theme.
iOS	02-integracion	11	Composition Root: donde se ensambla todo	02-integracion/06-composition-root.md	fixed_wave4	P0_closed	convencion_flechas,cierre_fences_mermaid,markers_auto,consistencia_semantica	normalizacion_4_flechas+fence_fix+limpieza_markers_auto+alineacion_semantica_etapa2	public_default	ETAPA2 corregida en caliente; pendiente QA visual final cross-theme.
iOS	02-integracion	12	SwiftUI Enterprise: Patrones Imprescindibles	02-integracion/07-swiftui-enterprise.md	fixed_wave4	P0_closed	convencion_flechas,cierre_fences_mermaid,markers_auto,consistencia_semantica	normalizacion_4_flechas+fence_fix+limpieza_markers_auto+alineacion_semantica_etapa2	public_default	ETAPA2 corregida en caliente; pendiente QA visual final cross-theme.
iOS	02-integracion	13	Swift Concurrency Enterprise: Patrones Imprescindibles	02-integracion/08-swift-concurrency-enterprise.md	fixed_wave4	P0_closed	convencion_flechas,cierre_fences_mermaid,markers_auto,consistencia_semantica	normalizacion_4_flechas+fence_fix+limpieza_markers_auto+alineacion_semantica_etapa2	public_default	ETAPA2 corregida en caliente; pendiente QA visual final cross-theme.
iOS	02-integracion	14	App Final Etapa 2: Login + Catalog Funcionando Juntos	02-integracion/09-app-final-etapa-2.md	fixed_wave4	P0_closed	convencion_flechas,cierre_fences_mermaid,markers_auto,consistencia_semantica	normalizacion_4_flechas+fence_fix+limpieza_markers_auto+alineacion_semantica_etapa2	public_default	ETAPA2 corregida en caliente; pendiente QA visual final cross-theme.
iOS	02-integracion	15	ADR-002: Diseño de la Feature Catalog	02-integracion/01-feature-catalog/ADR-002-catalog.md	fixed_wave4	P0_closed	convencion_flechas,cierre_fences_mermaid,markers_auto,consistencia_semantica	normalizacion_4_flechas+fence_fix+limpieza_markers_auto+alineacion_semantica_etapa2	public_default	ETAPA2 corregida en caliente; pendiente QA visual final cross-theme.
iOS	02-integracion	16	Entregables — Etapa 2: Integración	02-integracion/entregables-etapa-2.md	fixed_wave4	P0_closed	convencion_flechas,cierre_fences_mermaid,markers_auto,consistencia_semantica	normalizacion_4_flechas+fence_fix+limpieza_markers_auto+alineacion_semantica_etapa2	public_default	ETAPA2 corregida en caliente; pendiente QA visual final cross-theme.
iOS	anexos	1	Consolidación: Etapa 2 - Integración	anexos/consolidacion-etapa-2-integracion.md	pendiente	NA			public_default	
iOS	03-evolucion	1	Etapa 3: Evolución — Resiliencia y calidad de producción	03-evolucion/00-introduccion.md	fixed_wave5	P0_closed	convencion_flechas,cierre_fences_mermaid,markers_auto,consistencia_semantica	normalizacion_4_flechas+fence_fix+limpieza_markers_auto+alineacion_semantica_etapa3	public_default	ETAPA3 corregida en caliente; pendiente QA visual final cross-theme.
iOS	03-evolucion	2	Caching y offline	03-evolucion/01-caching-offline.md	fixed_wave5	P0_closed	convencion_flechas,cierre_fences_mermaid,markers_auto,consistencia_semantica	normalizacion_4_flechas+fence_fix+limpieza_markers_auto+alineacion_semantica_etapa3	public_default	ETAPA3 corregida en caliente; pendiente QA visual final cross-theme.
iOS	03-evolucion	3	Consistencia e invalidación	03-evolucion/02-consistencia.md	fixed_wave5	P0_closed	convencion_flechas,cierre_fences_mermaid,markers_auto,consistencia_semantica	normalizacion_4_flechas+fence_fix+limpieza_markers_auto+alineacion_semantica_etapa3	public_default	ETAPA3 corregida en caliente; pendiente QA visual final cross-theme.
iOS	03-evolucion	4	Observabilidad	03-evolucion/03-observabilidad.md	fixed_wave5	P0_closed	convencion_flechas,cierre_fences_mermaid,markers_auto,consistencia_semantica	normalizacion_4_flechas+fence_fix+limpieza_markers_auto+alineacion_semantica_etapa3	public_default	ETAPA3 corregida en caliente; pendiente QA visual final cross-theme.
iOS	03-evolucion	5	Tests avanzados	03-evolucion/04-tests-avanzados.md	fixed_wave5	P0_closed	convencion_flechas,cierre_fences_mermaid,markers_auto,consistencia_semantica	normalizacion_4_flechas+fence_fix+limpieza_markers_auto+alineacion_semantica_etapa3	public_default	ETAPA3 corregida en caliente; pendiente QA visual final cross-theme.
iOS	03-evolucion	6	Trade-offs y riesgos	03-evolucion/05-trade-offs.md	fixed_wave5	P0_closed	convencion_flechas,cierre_fences_mermaid,markers_auto,consistencia_semantica	normalizacion_4_flechas+fence_fix+limpieza_markers_auto+alineacion_semantica_etapa3	public_default	ETAPA3 corregida en caliente; pendiente QA visual final cross-theme.
iOS	03-evolucion	7	SwiftData como ProductStore	03-evolucion/06-swiftdata-store.md	fixed_wave5	P0_closed	convencion_flechas,cierre_fences_mermaid,markers_auto,consistencia_semantica	normalizacion_4_flechas+fence_fix+limpieza_markers_auto+alineacion_semantica_etapa3	public_default	ETAPA3 corregida en caliente; pendiente QA visual final cross-theme.
iOS	03-evolucion	8	Backend Firebase: integración enterprise	03-evolucion/07-backend-firebase.md	fixed_wave5	P0_closed	convencion_flechas,cierre_fences_mermaid,markers_auto,consistencia_semantica	normalizacion_4_flechas+fence_fix+limpieza_markers_auto+alineacion_semantica_etapa3	public_default	ETAPA3 corregida en caliente; pendiente QA visual final cross-theme.
iOS	03-evolucion	9	Entregables — Etapa 3: Evolución	03-evolucion/entregables-etapa-3.md	fixed_wave5	P0_closed	convencion_flechas,cierre_fences_mermaid,markers_auto,consistencia_semantica	normalizacion_4_flechas+fence_fix+limpieza_markers_auto+alineacion_semantica_etapa3	public_default	ETAPA3 corregida en caliente; pendiente QA visual final cross-theme.
iOS	anexos	2	Calentamiento: Etapa 3 - Evolución	anexos/calentamiento-etapa-3-evolucion.md	pendiente	NA			public_default	
iOS	04-arquitecto	1	Etapa 4: Arquitecto — Plataforma y gobernanza	04-arquitecto/00-introduccion.md	pendiente	NA			public_default	
iOS	04-arquitecto	2	Bounded Contexts	04-arquitecto/01-bounded-contexts.md	pendiente	NA			public_default	
iOS	04-arquitecto	3	Reglas de dependencia y CI	04-arquitecto/02-reglas-dependencia-ci.md	pendiente	NA			public_default	
iOS	04-arquitecto	4	Navegación y deep links como plataforma	04-arquitecto/03-navegacion-deeplinks.md	pendiente	NA			public_default	
iOS	04-arquitecto	5	Versionado y SPM	04-arquitecto/04-versionado-spm.md	pendiente	NA			public_default	
iOS	04-arquitecto	6	Guía de arquitectura del repositorio	04-arquitecto/05-guia-arquitectura.md	pendiente	NA			public_default	
iOS	04-arquitecto	7	Quality Gates	04-arquitecto/06-quality-gates.md	pendiente	NA			public_default	
iOS	04-arquitecto	8	Entregables — Etapa 4: Arquitecto	04-arquitecto/entregables-etapa-4.md	pendiente	NA			public_default	
iOS	anexos	3	Consolidación: Etapa 4 - Arquitecto	anexos/consolidacion-etapa-4-arquitecto.md	pendiente	NA			public_default	
iOS	05-maestria	1	Etapa 5 — Maestría: Concurrency, SwiftUI moderno y patrones de composición	05-maestria/00-introduccion.md	pendiente	NA			public_default	
iOS	05-maestria	2	Isolation domains y Sendable	05-maestria/01-isolation-domains.md	pendiente	NA			public_default	
iOS	05-maestria	3	Actors en arquitectura	05-maestria/02-actors-en-arquitectura.md	pendiente	NA			public_default	
iOS	05-maestria	4	Structured concurrency	05-maestria/03-structured-concurrency.md	pendiente	NA			public_default	
iOS	05-maestria	5	Testing concurrente	05-maestria/04-testing-concurrente.md	pendiente	NA			public_default	
iOS	05-maestria	6	SwiftUI state moderno	05-maestria/05-swiftui-state-moderno.md	pendiente	NA			public_default	
iOS	05-maestria	7	SwiftUI performance	05-maestria/06-swiftui-performance.md	pendiente	NA			public_default	
iOS	05-maestria	8	Composición avanzada	05-maestria/07-composicion-avanzada.md	pendiente	NA			public_default	
iOS	05-maestria	9	Memory leaks y diagnóstico	05-maestria/08-memory-leaks-y-diagnostico.md	pendiente	NA			public_default	
iOS	05-maestria	10	Migración a Swift 6	05-maestria/09-migracion-swift6.md	pendiente	NA			public_default	
iOS	05-maestria	11	Debugging en Xcode: Encuentra y arregla bugs como un profesional	05-maestria/10-debugging-xcode.md	pendiente	NA			public_default	
iOS	05-maestria	12	11. Cómo Hablar de Arquitectura en una Entrevista	05-maestria/11-entrevista-arquitecto.md	pendiente	NA			public_default	
iOS	05-maestria	13	12. Arquitectura Adaptativa: Más Allá del Patrón	05-maestria/12-arquitectura-adaptativa.md	pendiente	NA			public_default	
iOS	05-maestria	14	Entregables Etapa 5 — Maestría	05-maestria/entregables-etapa-5.md	pendiente	NA			public_default	
iOS	05-maestria	15	Propósito y Alcance	05-maestria/10-rubrica-final/01-rubrica-empleabilidad-ios.md	pendiente	NA			public_default	
iOS	05-maestria	16	Evidencias obligatorias iOS (cierre defendible)	05-maestria/10-rubrica-final/02-evidencias-obligatorias-ios.md	pendiente	NA			public_default	
iOS	05-maestria	17	Checklist de entrega para entrevista (1 página)	05-maestria/10-rubrica-final/03-checklist-entrega-para-entrevista.md	pendiente	NA			public_default	
iOS	anexos	4	Calentamiento: Etapa 5 - Maestría	anexos/calentamiento-etapa-5-maestria.md	pendiente	NA			public_default	
iOS	anexos	5	Quizzes de Autoevaluación	anexos/quizzes-autoevaluacion.md	pendiente	NA			public_default	
iOS	anexos	6	Guía de Recuperación - Curso iOS	anexos/guia-recuperacion-ios.md	pendiente	NA			public_default	
iOS	anexos	7	Atlas visual de arquitectura	anexos/diagramas/atlas-arquitectura.md	pendiente	NA			public_default	
iOS	anexos	8	Cómo añadir una feature nueva	anexos/guia-nueva-feature.md	pendiente	NA			public_default	
iOS	anexos	9	Git Workflow para el Curso	anexos/git-workflow-curso.md	pendiente	NA			public_default	
iOS	anexos	10	Xcode Cheat Sheet: Atajos Esenciales para Productividad	anexos/xcode-cheat-sheet.md	pendiente	NA			public_default	
iOS	anexos	11	Cómo Leer Documentación de Apple Efectivamente	anexos/como-leer-documentacion.md	pendiente	NA			public_default	
iOS	anexos	12	Tips del Simulador: Testing como Profesional	anexos/simulator-tips.md	pendiente	NA			public_default	
iOS	anexos	13	Mental Models: Cómo Pensar en Clean Architecture	anexos/mental-models.md	pendiente	NA			public_default	
iOS	anexos	14	Errores de Compilación: Cómo Leerlos y Solucionarlos	anexos/errores-compilacion.md	pendiente	NA			public_default	
iOS	anexos	15	Anexo: Guía SOLID	anexos/guia-solid.md	pendiente	NA			public_default	
iOS	anexos	16	Anexo: Guía CQS y CQRS	anexos/guia-cqs-cqrs.md	pendiente	NA			public_default	
iOS	anexos	17	Anexo: Batería de Preguntas para Entrevistas Técnicas	anexos/preguntas-entrevista.md	pendiente	NA			public_default	
iOS	anexos	18	Hallazgos y correcciones pedagógicas	anexos/hallazgos-y-correcciones.md	pendiente	NA			public_default	
iOS	anexos	19	Indice de ADRs (Architecture Decision Records)	anexos/adrs/INDICE-ADRS.md	pendiente	NA			public_default	
iOS	anexos	20	ADR-003: Composition Root único para ensamblaje	anexos/adrs/ADR-003-composition-root-unico.md	pendiente	NA			public_default	
iOS	anexos	21	ADR-004: Navegación event-driven desacoplada	anexos/adrs/ADR-004-navegacion-event-driven.md	pendiente	NA			public_default	
iOS	anexos	22	ADR-005: Contratos entre features por eventos/modelos mínimos	anexos/adrs/ADR-005-contratos-features.md	pendiente	NA			public_default	
iOS	anexos	23	ADR-006: Infraestructura real mínima con URLSessionHTTPClient	anexos/adrs/ADR-006-infra-network-urlsession.md	pendiente	NA			public_default	
iOS	anexos	24	ADR-007: Estrategia de cache network-first + TTL + fallback	anexos/adrs/ADR-007-cache-network-first-ttl.md	pendiente	NA			public_default	
iOS	anexos	25	ADR-008: Política explícita de consistencia e invalidación	anexos/adrs/ADR-008-consistencia-invalidation-policy.md	pendiente	NA			public_default	
iOS	anexos	26	ADR-009: Observabilidad por decoradores y logger de aplicación	anexos/adrs/ADR-009-observabilidad-por-decoradores.md	pendiente	NA			public_default	
iOS	anexos	27	ADR-010: Firebase como backend principal encapsulado	anexos/adrs/ADR-010-firebase-backend-principal.md	pendiente	NA			public_default	
iOS	anexos	28	ADR-011: Bounded contexts con ownership y contratos	anexos/adrs/ADR-011-bounded-contexts-governance.md	pendiente	NA			public_default	
iOS	anexos	29	ADR-012: Reglas de dependencia progresivas	anexos/adrs/ADR-012-reglas-dependencia-progresivas.md	pendiente	NA			public_default	
iOS	anexos	30	ADR-013: Modularización/versionado SPM progresivos	anexos/adrs/ADR-013-versionado-spm-progresivo.md	pendiente	NA			public_default	
iOS	anexos	31	ADR-014: Quality gates conceptuales orientados a arquitectura	anexos/adrs/ADR-014-quality-gates-conceptuales.md	pendiente	NA			public_default	
iOS	anexos	32	ADR-NNN: [Título de la decisión]	anexos/adrs/TEMPLATE-ADR.md	pendiente	NA			public_default	
iOS	anexos	33	Apendice: Dominio Banca / Ledger	anexos/apendice-banca-ledger.md	pendiente	NA			public_default	
iOS	anexos	34	Glosario	anexos/glosario.md	pendiente	NA			public_default	
iOS	anexos	35	Proyecto Final: Demuestra lo que has aprendido	anexos/proyecto-final.md	pendiente	NA			public_default	
Android	00-informe	1	Informe del curso	00-informe/INFORME-CURSO.md	pendiente	NA			review_public	
Android	00-informe	2	Auditoría de equivalencia iOS ↔ Android	00-informe/AUDITORIA-EQUIVALENCIA-IOS-ANDROID.md	pendiente	NA			review_public	
Android	00-informe	3	Plan de refuerzo integral del curso Android	00-informe/PLAN-REFUERZO-CURSO-ANDROID.md	pendiente	NA			review_public	
Android	00-informe	4	Mejoras por módulo, criterios y evidencias	00-informe/MEJORAS-POR-MODULO-Y-EVIDENCIAS.md	pendiente	NA			review_public	
Android	00-nivel-cero	1	Nivel Cero · Introducción	00-nivel-cero/00-introduccion.md	pendiente	NA			public_default	
Android	00-nivel-cero	2	Nivel Cero · Setup	00-nivel-cero/00-setup.md	pendiente	NA			public_default	
Android	00-nivel-cero	3	Nivel Cero · 01 · Qué es software	00-nivel-cero/01-que-es-software.md	pendiente	NA			public_default	
Android	00-nivel-cero	4	Nivel Cero · 02 · Lógica básica	00-nivel-cero/02-logica-basica.md	pendiente	NA			public_default	
Android	00-nivel-cero	5	Nivel Cero · 03 · Primer Kotlin	00-nivel-cero/03-primer-kotlin.md	pendiente	NA			public_default	
Android	00-nivel-cero	6	Nivel Cero · 04 · Variables y tipos	00-nivel-cero/04-variables-y-tipos.md	pendiente	NA			public_default	
Android	00-nivel-cero	7	Nivel Cero · 05 · Condicionales y bucles	00-nivel-cero/05-condicionales-y-bucles.md	pendiente	NA			public_default	
Android	00-nivel-cero	8	Nivel Cero · 06 · Funciones	00-nivel-cero/06-funciones.md	pendiente	NA			public_default	
Android	00-nivel-cero	9	Nivel Cero · 07 · Errores frecuentes	00-nivel-cero/07-errores-frecuentes.md	pendiente	NA			public_default	
Android	00-nivel-cero	10	Nivel Cero · 08 · Android Studio desde cero	00-nivel-cero/08-android-studio-desde-cero.md	pendiente	NA			public_default	
Android	00-nivel-cero	11	Nivel Cero · 09 · Primera app con Compose	00-nivel-cero/09-primera-app-compose.md	pendiente	NA			public_default	
Android	00-nivel-cero	12	Nivel Cero · 10 · Inputs y validación	00-nivel-cero/10-inputs-y-validacion.md	pendiente	NA			public_default	
Android	00-nivel-cero	13	Nivel Cero · 11 · Navegación simple	00-nivel-cero/11-navegacion-simple.md	pendiente	NA			public_default	
Android	00-nivel-cero	14	Nivel Cero · 12 · Proyecto integrador: Rutina Diaria	00-nivel-cero/12-proyecto-rutina-diaria.md	pendiente	NA			public_default	
Android	00-nivel-cero	15	Entregables de Nivel Cero	00-nivel-cero/entregables-nivel-cero.md	pendiente	NA			public_default	
Android	01-junior	1	Nivel Junior · 00 · De Nivel Cero a desarrollo Android real	01-junior/00-introduccion.md	pendiente	NA			public_default	
Android	01-junior	2	Nivel Junior · 00-setup · Entorno profesional Android paso a paso	01-junior/00-setup-junior.md	pendiente	NA			public_default	
Android	01-junior	3	Nivel Junior · 01 · Arquitectura Android recomendada sin complicarte la vida	01-junior/01-arquitectura-android-recomendada.md	pendiente	NA			public_default	
Android	01-junior	4	Nivel Junior · 02 · Primera feature profesional: estado, eventos, ViewModel y repositorio	01-junior/02-feature-base-practica.md	pendiente	NA			public_default	
Android	01-junior	5	Nivel Junior · 03 · Navegación moderna con Navigation Compose (explicada sin saltos)	01-junior/03-navegacion-moderna-navigation-compose.md	pendiente	NA			public_default	
Android	01-junior	6	Nivel Junior · 04 · Hilt desde cero, sin magia y con contexto real	01-junior/04-hilt-integracion-inicial.md	pendiente	NA			public_default	
Android	01-junior	7	Nivel Junior · 05 · Room offline-first explicado desde la base	01-junior/05-room-offline-first.md	pendiente	NA			public_default	
Android	01-junior	8	Nivel Junior · 06 · DataStore explicado de verdad: preferencias y estado ligero	01-junior/06-datastore-estado-ligero.md	pendiente	NA			public_default	
Android	01-junior	9	Nivel Junior · 07 · WorkManager explicado sin lagunas: tareas persistentes en segundo plano	01-junior/07-workmanager-tareas-persistentes.md	pendiente	NA			public_default	
Android	01-junior	10	Nivel Junior · 08 · Compose UI Testing sin atajos: prueba lo que ve el usuario	01-junior/08-compose-ui-testing.md	pendiente	NA			public_default	
Android	01-junior	11	Nivel Junior · 09 · Pruebas unitarias de ViewModel y repositorio explicadas paso a paso	01-junior/09-pruebas-unitarias-viewmodel-repositorio.md	pendiente	NA			public_default	
Android	01-junior	12	Entregables de Nivel Junior	01-junior/entregables-nivel-junior.md	pendiente	NA			public_default	
Android	02-midlevel	1	Nivel Midlevel · 00 · Qué cambia desde Junior y por qué	02-midlevel/00-introduccion.md	pendiente	NA			public_default	
Android	02-midlevel	2	Nivel Midlevel · 01 · Capa de red robusta con Retrofit y OkHttp, guiada paso a paso	02-midlevel/01-red-robusta-retrofit-okhttp.md	pendiente	NA			public_default	
Android	02-midlevel	3	Nivel Midlevel · 02 · Offline-first y sincronización local/remoto, paso a paso	02-midlevel/02-offline-first-sincronizacion.md	pendiente	NA			public_default	
Android	02-midlevel	4	Nivel Midlevel · 03 · Consistencia y resolución de conflictos sin perder datos	02-midlevel/03-consistencia-y-resolucion-de-conflictos.md	pendiente	NA			public_default	
Android	02-midlevel	5	Nivel Midlevel · 04 · Observabilidad y diagnóstico en Android, sin adivinar errores	02-midlevel/04-observabilidad-y-diagnostico.md	pendiente	NA			public_default	
Android	02-midlevel	6	Nivel Midlevel · 05 · Pruebas de integración para offline-first y sincronización real	02-midlevel/05-pruebas-de-integracion-offline-sync.md	pendiente	NA			public_default	
Android	02-midlevel	7	Nivel Midlevel · 06 · Quality Gates en CI para proteger offline-sync en cada PR	02-midlevel/06-quality-gates-ci-offline-sync.md	pendiente	NA			public_default	
Android	02-midlevel	8	Nivel Midlevel · 07 · Rendimiento en CI con Macrobenchmark y Baseline Profiles	02-midlevel/07-performance-ci-macrobenchmark-baselineprofiles.md	pendiente	NA			public_default	
Android	02-midlevel	9	Nivel Midlevel · 08 · Observabilidad en producción: métricas y alertas que te avisan antes del usuario	02-midlevel/08-observabilidad-produccion-metricas-alertas.md	pendiente	NA			public_default	
Android	02-midlevel	10	Nivel Midlevel · 09 · Decidir qué tocar primero usando métricas reales	02-midlevel/09-decisiones-evolutivas-con-metricas.md	pendiente	NA			public_default	
Android	02-midlevel	11	Nivel Midlevel · 10 · Gobernanza de dependencias entre features sin romper la arquitectura	02-midlevel/10-gobernanza-dependencias-entre-features.md	pendiente	NA			public_default	
Android	02-midlevel	12	Nivel Midlevel · 11 · Versionado de contratos internos sin romper a otros equipos	02-midlevel/11-versionado-contratos-internos.md	pendiente	NA			public_default	
Android	02-midlevel	13	Nivel Midlevel · 12 · Evolución de navegación y deep links sin romper rutas existentes	02-midlevel/12-evolucion-navegacion-y-deeplinks-compatibles.md	pendiente	NA			public_default	
Android	02-midlevel	14	Entregables de Nivel Midlevel	02-midlevel/entregables-nivel-midlevel.md	pendiente	NA			public_default	
Android	03-senior	1	Nivel Senior · 00 · Introducción: de construir features a operar producto real	03-senior/00-introduccion.md	pendiente	NA			public_default	
Android	03-senior	2	Nivel Senior · 01 · Release strategy y rollback seguro en Android	03-senior/01-release-strategy-y-rollback-seguro.md	pendiente	NA			public_default	
Android	03-senior	3	Nivel Senior · 02 · Incident response y runbooks operativos en Android	03-senior/02-incident-response-y-runbooks-operativos.md	pendiente	NA			public_default	
Android	03-senior	4	Nivel Senior · 03 · SLOs, error budgets y priorización real de fiabilidad en Android	03-senior/03-slos-error-budgets-priorizacion-fiabilidad.md	pendiente	NA			public_default	
Android	03-senior	5	Nivel Senior · 04 · Tablero operativo de fiabilidad y alertas que sí ayudan	03-senior/04-tablero-operativo-fiabilidad-y-alertas-accionables.md	pendiente	NA			public_default	
Android	03-senior	6	Nivel Senior · 05 · Gobernanza técnica de sprint: decidir con evidencia cuando roadmap y fiabilidad chocan	03-senior/05-gobernanza-tecnica-de-sprint-fiabilidad-vs-roadmap.md	pendiente	NA			public_default	
Android	03-senior	7	Nivel Senior · 06 · Simulación completa de sprint bajo presión: cómo decidir sin improvisar	03-senior/06-simulacion-sprint-bajo-presion-roadmap-y-fiabilidad.md	pendiente	NA			public_default	
Android	03-senior	8	Nivel Senior · 07 · Cierre de Senior: consolidar capacidades antes de escalar a Maestría	03-senior/07-cierre-del-bloque-senior-y-transicion-a-maestria.md	pendiente	NA			public_default	
Android	04-maestria	1	Nivel Maestría · 00 · Introducción: escalar sin perder claridad	04-maestria/00-introduccion.md	pendiente	NA			public_default	
Android	04-maestria	2	Nivel Maestría · 01 · Contratos evolutivos entre dominios Android	04-maestria/01-contratos-evolutivos-entre-dominios.md	pendiente	NA			public_default	
Android	04-maestria	3	Nivel Maestría · 02 · Bounded Contexts y ownership técnico en Android real	04-maestria/02-bounded-contexts-y-ownership-tecnico.md	pendiente	NA			public_default	
Android	04-maestria	4	Nivel Maestría · 03 · Mapa de dependencias y acoplamiento circular en Android	04-maestria/03-mapa-de-dependencias-y-acoplamiento-circular.md	pendiente	NA			public_default	
Android	04-maestria	5	Nivel Maestría · 04 · Migraciones transversales sin bloqueo en Android	04-maestria/04-migraciones-transversales-sin-bloqueo.md	pendiente	NA			public_default	
Android	04-maestria	6	Nivel Maestría · 05 · Coordinación de release, rollback y comunicación técnica en migraciones Android	04-maestria/05-coordinacion-release-rollback-y-comunicacion-tecnica.md	pendiente	NA			public_default	
Android	04-maestria	7	Nivel Maestría · 06 · Evolución multi‑equipo y gobernanza trimestral en Android	04-maestria/06-evolucion-multi-equipo-y-gobernanza-trimestral.md	pendiente	NA			public_default	
Android	04-maestria	8	Nivel Maestría · 07 · Defensa técnica del proyecto Android	04-maestria/07-defensa-tecnica-del-proyecto-android.md	pendiente	NA			public_default	
Android	04-maestria	9	Nivel Maestría · 08 · Cierre del proyecto final y publicación en Play Store	04-maestria/08-cierre-proyecto-final-y-publicacion-play-store.md	pendiente	NA			public_default	
Android	04-maestria	10	Nivel Maestría · 09 · Rúbrica final y entrevista técnica Android	04-maestria/09-rubrica-final-y-entrevista-tecnica-android.md	pendiente	NA			public_default	
Android	04-maestria	11	Nivel Maestría · 10 · Plan de 90 días después del curso	04-maestria/10-plan-de-90-dias-despues-del-curso.md	pendiente	NA			public_default	
Android	04-maestria	12	Nivel Maestría · 11 · Epílogo profesional y siguientes retos	04-maestria/11-epilogo-profesional-y-siguientes-retos.md	pendiente	NA			public_default	
Android	04-maestria	13	Nivel Maestría · 12 · Casos reales y antipatrones de equipos Android	04-maestria/12-casos-reales-y-antipatrones-de-equipos-android.md	pendiente	NA			public_default	
Android	04-maestria	14	Nivel Maestría · 13 · Operación a largo plazo y deuda técnica en Android	04-maestria/13-operacion-largo-plazo-y-deuda-tecnica.md	pendiente	NA			public_default	
Android	04-maestria	15	Nivel Maestría · 14 · Tu primer año en un equipo Android real	04-maestria/14-primer-ano-en-equipo-android-real.md	pendiente	NA			public_default	
Android	04-maestria	16	Nivel Maestría · 15 · Mapa de carrera Android: de junior a senior con criterio	04-maestria/15-mapa-de-carrera-android-de-junior-a-senior.md	pendiente	NA			public_default	
Android	04-maestria	17	Nivel Maestría · 16 · Cierre definitivo del recorrido Android	04-maestria/16-cierre-definitivo-del-recorrido-android.md	pendiente	NA			public_default	
Android	05-proyecto-final	1	Brief del proyecto final	05-proyecto-final/00-brief.md	pendiente	NA			public_default	
Android	05-proyecto-final	2	Proyecto final integrador · RuralGO FieldOps	05-proyecto-final/00-brief-ruralgo-fieldops.md	pendiente	NA			public_default	
Android	05-proyecto-final	3	Rúbrica de empleabilidad técnica · Proyecto final	05-proyecto-final/01-rubrica-empleabilidad.md	pendiente	NA			public_default	
Android	05-proyecto-final	4	Evidencias obligatorias de aprendizaje y calidad	05-proyecto-final/02-evidencias-obligatorias.md	pendiente	NA			public_default	
Android	05-proyecto-final	5	Operación Senior del proyecto final	05-proyecto-final/03-operacion-senior.md	pendiente	NA			public_default	
Android	05-proyecto-final	6	Gobernanza Maestría del proyecto final	05-proyecto-final/04-gobernanza-maestria.md	pendiente	NA			public_default	
Android	anexos	1	Glosario base	anexos/glosario.md	pendiente	NA			public_default	
Android	anexos	2	Guía real de publicación en Play Store para equipos Android	anexos/guia-publicacion-playstore-real.md	pendiente	NA			public_default	
Android	anexos	3	Preguntas de entrevista Android con respuestas de criterio	anexos/preguntas-entrevista-android.md	pendiente	NA			public_default	
Android	anexos	4	Proyecto final Android · Guía de ejecución real	anexos/proyecto-final-android.md	pendiente	NA			public_default	
SDD	00-informe	1	Informe híbrido de auditoría del curso SDD+IA con OpenSpec	00-informe/INFORME-CURSO.md	pendiente	NA			review_public	
SDD	00-informe	2	Decisiones tomadas del curso SDD	00-informe/DECISIONES-TOMADAS.md	pendiente	NA			review_public	
SDD	00-informe	3	Backlog tecnico y pedagogico del curso SDD	00-informe/TODO.md	pendiente	NA			review_public	
SDD	01-roadmap	1	Mapa maestro de 16 semanas: SDD enterprise de 0 a 100	01-roadmap/00-mapa-16-semanas.md	pendiente	NA			public_default	
SDD	docs	1	Política OpenSpec del curso (no negociable)	docs/openspec/politica-del-curso.md	pendiente	NA			review_public	
SDD	docs	2	OpenSpec en este curso (explicado para un junior)	docs/openspec/00-openspec-en-este-curso.md	pendiente	NA			review_public	
SDD	docs	3	RFC 0001: flujo de gobernanza para cambios mayores	docs/rfc/rfc-0001-governance-flow-for-major-changes.md	pendiente	NA			review_public	
SDD	docs	4	ADR 0001: contrato de navegacion entre features	docs/adr/0001-navigation-contract-between-features.md	pendiente	NA			review_public	
SDD	docs	5	ADR 0002: policy de fronteras de modulo ejecutable	docs/adr/0002-module-boundary-policy-enforced.md	pendiente	NA			review_public	
SDD	docs	6	ADR 0003: evidencia de gobernanza como condicion de avance	docs/adr/0003-governance-evidence-as-release-condition.md	pendiente	NA			review_public	
SDD	docs	7	Runbook de release Week 14	docs/release/week14-release-runbook.md	pendiente	NA			review_public	
SDD	docs	8	Rollback drill 2026-02-13	docs/release/drills/2026-02-13-rollback-drill.md	pendiente	NA			review_public	
SDD	docs	9	Plan de hardening Week 15 para HelpdeskSDD	docs/hardening/week15-hardening-plan.md	pendiente	NA			review_public	
SDD	docs	10	Baseline de rendimiento Week 15	docs/hardening/week15-performance-baseline.md	pendiente	NA			review_public	
SDD	docs	11	Dossier de defensa final Week 16 para HelpdeskSDD	docs/final-defense/week16-defense-dossier.md	pendiente	NA			review_public	
SDD	docs	12	Narrativa de arquitectura Week 16	docs/final-defense/week16-architecture-narrative.md	pendiente	NA			review_public	
SDD	docs	13	Script de demo Week 16	docs/final-defense/week16-demo-script.md	pendiente	NA			review_public	
SDD	(root)	1	Índice global del curso SDD + IA	INDICE-GLOBAL.md	pendiente	NA			review_public	
SDD	00-preparacion	1	Semana 0 · Bienvenida: qué vas a aprender realmente en SDD + IA	00-preparacion/00-bienvenida-y-como-estudiar.md	pendiente	NA			public_default	
SDD	00-preparacion	2	Semana 0 · Setup macOS y Xcode para ejecutar el flujo sin bloqueos	00-preparacion/01-setup-macos-xcode.md	pendiente	NA			public_default	
SDD	00-preparacion	3	Semana 0 · Terminal básica para no perderte en el repositorio	00-preparacion/02-terminal-basica.md	pendiente	NA			public_default	
SDD	00-preparacion	4	Semana 0 · Git desde cero aplicado al ciclo de ticket	00-preparacion/03-git-desde-cero.md	pendiente	NA			public_default	
SDD	00-preparacion	5	Semana 0 · Swift básico para entender contratos de dominio	00-preparacion/04-swift-basico-para-sdd.md	pendiente	NA			public_default	
SDD	00-preparacion	6	Semana 0 · SPM y primer test para arrancar con red de seguridad	00-preparacion/05-spm-y-primer-test.md	pendiente	NA			public_default	
SDD	00-preparacion	7	Semana 0 · Checkpoint de preparación antes de entrar en Semana 1	00-preparacion/06-checkpoint-preparacion.md	pendiente	NA			public_default	
SDD	openspec	1	Cambios OpenSpec del curso	openspec/changes/README.md	pendiente	NA			review_public	
SDD	openspec	2	Especificación de Ticketing	openspec/specs/ticketing/spec.md	pendiente	NA			review_public	
SDD	02-semana-01	1	Semana 1: así arranca un ticket enterprise de verdad	02-semana-01/00-semana-01-introduccion.md	pendiente	NA			public_default	
SDD	02-semana-01	2	Semana 1 · Lección 1: de un dolor difuso a un problema accionable	02-semana-01/01-problema-negocio.md	pendiente	NA			public_default	
SDD	02-semana-01	3	Semana 1 · Lección 2: OpenSpec como contrato, no como documento decorativo	02-semana-01/02-spec-inicial.md	pendiente	NA			public_default	
SDD	02-semana-01	4	Semana 1 · Lección 3: BDD como puente entre negocio y código	02-semana-01/03-bdd-escenarios.md	pendiente	NA			public_default	
SDD	02-semana-01	5	Semana 1 · Lección 4: TDD para convertir escenarios en comportamiento confiable	02-semana-01/04-tdd-primer-ciclo.md	pendiente	NA			public_default	
SDD	02-semana-01	6	Semana 1 · Lección 5: pasar de pruebas verdes a producción defendible	02-semana-01/05-codigo-produccion.md	pendiente	NA			public_default	
SDD	02-semana-01	7	Semana 1 · Lección 6: refactor sin romper confianza	02-semana-01/06-refactor-evidencia.md	pendiente	NA			public_default	
SDD	02-semana-01	8	Semana 1 · Lección 7: cerrar con criterio, no con sensación	02-semana-01/07-checkpoint-evaluacion.md	pendiente	NA			public_default	
SDD	02-semana-01	9	Semana 1 · Lección 8: bitácora auditable para cerrar el ticket de verdad	02-semana-01/08-bitacora-commits.md	pendiente	NA			public_default	
SDD	openspec	3	Proposal: Week 01 — Ticket basics (crear y listar)	openspec/changes/archive/2026-02-12-week01-ticket-basics/proposal.md	pendiente	NA			review_public	
SDD	openspec	4	Delta for Ticketing (Week 01)	openspec/changes/archive/2026-02-12-week01-ticket-basics/specs/ticketing/spec.md	pendiente	NA			review_public	
SDD	openspec	5	Design: Week 01 — Ticket basics	openspec/changes/archive/2026-02-12-week01-ticket-basics/design.md	pendiente	NA			review_public	
SDD	openspec	6	Tasks (Week 01)	openspec/changes/archive/2026-02-12-week01-ticket-basics/tasks.md	pendiente	NA			review_public	
SDD	03-semana-02	1	Semana 2: cuando un ticket deja de ser un dato y se convierte en un proceso gobernado	03-semana-02/00-semana-02-roadmap.md	pendiente	NA			public_default	
SDD	03-semana-02	2	"Semana 2 · Lección 1: el problema real no es ""cambiar estado"", es gobernar una historia de trabajo"	03-semana-02/01-problema-lifecycle.md	pendiente	NA			public_default	
SDD	03-semana-02	3	Semana 2 · Lección 2: llevar el problema a OpenSpec para que el equipo deje de discutir opiniones	03-semana-02/02-spec-lifecycle-v1.md	pendiente	NA			public_default	
SDD	03-semana-02	4	Semana 2 · Lección 3: BDD del lifecycle para que todos evalúen lo mismo sin abrir Xcode	03-semana-02/03-bdd-lifecycle.md	pendiente	NA			public_default	
SDD	03-semana-02	5	Semana 2 · Lección 4: TDD de lifecycle para que una regresión se detecte en segundos	03-semana-02/04-tdd-lifecycle.md	pendiente	NA			public_default	
SDD	03-semana-02	6	Semana 2 · Lección 5: código de producción del lifecycle con arquitectura limpia	03-semana-02/05-codigo-lifecycle.md	pendiente	NA			public_default	
SDD	03-semana-02	7	Semana 2 · Lección 6: refactor con trazabilidad para que el cambio no dependa de tu memoria	03-semana-02/06-refactor-trazabilidad.md	pendiente	NA			public_default	
SDD	03-semana-02	8	Semana 2 · Lección 7: checkpoint de cierre para decidir con criterio, no con sensación	03-semana-02/07-checkpoint-evaluacion.md	pendiente	NA			public_default	
SDD	03-semana-02	9	Semana 2 · Lección 8: bitácora de commits para que el repositorio explique el cambio sin reuniones extra	03-semana-02/08-bitacora-commits.md	pendiente	NA			public_default	
SDD	openspec	7	Proposal: Week 02 — Ticket lifecycle (transiciones)	openspec/changes/archive/2026-02-12-week02-ticket-lifecycle/proposal.md	pendiente	NA			review_public	
SDD	openspec	8	Delta for Ticketing (Week 02)	openspec/changes/archive/2026-02-12-week02-ticket-lifecycle/specs/ticketing/spec.md	pendiente	NA			review_public	
SDD	openspec	9	Design: Week 02 — Ticket lifecycle	openspec/changes/archive/2026-02-12-week02-ticket-lifecycle/design.md	pendiente	NA			review_public	
SDD	openspec	10	Tasks (Week 02)	openspec/changes/archive/2026-02-12-week02-ticket-lifecycle/tasks.md	pendiente	NA			review_public	
SDD	04-semana-03	1	Semana 3: cuando el contrato deja de ser invisible y se vuelve experiencia en pantalla	04-semana-03/00-semana-03-roadmap.md	pendiente	NA			public_default	
SDD	04-semana-03	2	Semana 3 · Lección 1: el problema no es pintar una pantalla, es cablear responsabilidades sin fugas	04-semana-03/01-problema-swiftui-wiring.md	pendiente	NA			public_default	
SDD	04-semana-03	3	Semana 3 · Lección 2: fijar el contrato de interfaz antes de tocar implementación	04-semana-03/02-spec-swiftui-shell-v1.md	pendiente	NA			public_default	
SDD	04-semana-03	4	Semana 3 · Lección 3: BDD para describir experiencia observable sin filtrar detalles internos	04-semana-03/03-bdd-swiftui-shell.md	pendiente	NA			public_default	
SDD	04-semana-03	5	Semana 3 · Lección 4: TDD del ViewModel para blindar el cableado entre intención de UI y reglas de negocio	04-semana-03/04-tdd-viewmodel-wiring.md	pendiente	NA			public_default	
SDD	04-semana-03	6	Semana 3 · Lección 5: producción de shell SwiftUI alineada con contrato, pruebas y fronteras de arquitectura	04-semana-03/05-codigo-swiftui-shell.md	pendiente	NA			public_default	
SDD	04-semana-03	7	Semana 3 · Lección 6: refactor del composition root para que el crecimiento no destruya el diseño	04-semana-03/06-refactor-composition-root.md	pendiente	NA			public_default	
SDD	04-semana-03	8	Semana 3 · Lección 7: checkpoint de cierre para decidir con evidencia si la semana está realmente terminada	04-semana-03/07-checkpoint-evaluacion.md	pendiente	NA			public_default	
SDD	04-semana-03	9	Semana 3 · Lección 8: bitácora de commits para cerrar Week 3 con historia técnica defendible	04-semana-03/08-bitacora-commits.md	pendiente	NA			public_default	
SDD	openspec	11	Proposal: Week 03 — SwiftUI shell and clean wiring	openspec/changes/archive/2026-02-13-week03-swiftui-shell/proposal.md	pendiente	NA			review_public	
SDD	openspec	12	Delta for Ticketing (Week 03)	openspec/changes/archive/2026-02-13-week03-swiftui-shell/specs/ticketing/spec.md	pendiente	NA			review_public	
SDD	openspec	13	Design: Week 03 — SwiftUI shell wiring	openspec/changes/archive/2026-02-13-week03-swiftui-shell/design.md	pendiente	NA			review_public	
SDD	openspec	14	Tasks (Week 03)	openspec/changes/archive/2026-02-13-week03-swiftui-shell/tasks.md	pendiente	NA			review_public	
SDD	05-semana-04	1	Semana 4: cuando tu sistema empieza a hablar con otros equipos y cada palabra importa	05-semana-04/00-semana-04-roadmap.md	pendiente	NA			public_default	
SDD	05-semana-04	2	"Semana 4 · Lección 1: el problema no es ""tener API"", es garantizar que todos entiendan lo mismo"	05-semana-04/01-problema-contrato-api.md	pendiente	NA			public_default	
SDD	05-semana-04	3	Semana 4 · Lección 2: escribir la spec v1 antes de codificar para proteger evolución	05-semana-04/02-spec-contrato-api-v1.md	pendiente	NA			public_default	
SDD	05-semana-04	4	Semana 4 · Lección 3: BDD de contrato para que el acuerdo sea ejecutable por todos	05-semana-04/03-bdd-contrato-api.md	pendiente	NA			public_default	
SDD	05-semana-04	5	Semana 4 · Lección 4: TDD de contrato para detectar una ruptura antes de que llegue a integración real	05-semana-04/04-tdd-contract-tests.md	pendiente	NA			public_default	
SDD	05-semana-04	6	Semana 4 · Lección 5: implementar el contrato v1 sin contaminar el dominio	05-semana-04/05-codigo-contrato-openapi.md	pendiente	NA			public_default	
SDD	05-semana-04	7	Semana 4 · Lección 6: refactorizar el boundary para que la semántica no se degrade con el tiempo	05-semana-04/06-refactor-boundary-contrato.md	pendiente	NA			public_default	
SDD	05-semana-04	8	Semana 4 · Lección 7: checkpoint de cierre para declarar API v1 lista con evidencia verificable	05-semana-04/07-checkpoint-evaluacion.md	pendiente	NA			public_default	
SDD	05-semana-04	9	Semana 4 · Lección 8: bitácora de commits para que el cierre sea reconstruible dentro de seis meses	05-semana-04/08-bitacora-commits.md	pendiente	NA			public_default	
SDD	openspec	15	Proposal: Semana 04 — contrato API v1 para ticketing	openspec/changes/archive/2026-02-13-week04-api-contract-v1/proposal.md	pendiente	NA			review_public	
SDD	openspec	16	Delta para Ticketing (Semana 04)	openspec/changes/archive/2026-02-13-week04-api-contract-v1/specs/ticketing/spec.md	pendiente	NA			review_public	
SDD	openspec	17	Design: Semana 04 — límite del contrato API	openspec/changes/archive/2026-02-13-week04-api-contract-v1/design.md	pendiente	NA			review_public	
SDD	openspec	18	Tasks (Semana 04)	openspec/changes/archive/2026-02-13-week04-api-contract-v1/tasks.md	pendiente	NA			review_public	
SDD	06-semana-05	1	Semana 5: persistencia local de verdad sin sacrificar arquitectura ni capacidad de cambio	06-semana-05/00-semana-05-roadmap.md	pendiente	NA			public_default	
SDD	06-semana-05	2	Semana 5 · Lección 1: el problema de fondo no es guardar datos, es dónde colocas esa responsabilidad	06-semana-05/01-problema-persistencia-local.md	pendiente	NA			public_default	
SDD	06-semana-05	3	Semana 5 · Lección 2: convertir persistencia local en contrato de comportamiento con OpenSpec	06-semana-05/02-spec-persistencia-local-v1.md	pendiente	NA			public_default	
SDD	06-semana-05	4	Semana 5 · Lección 3: traducir la spec a escenarios BDD que prueben durabilidad real y no ilusión de memoria	06-semana-05/03-bdd-persistencia-local.md	pendiente	NA			public_default	
SDD	06-semana-05	5	Semana 5 · Lección 4: TDD del adaptador local para demostrar durabilidad bajo condiciones reales	06-semana-05/04-tdd-adaptador-local.md	pendiente	NA			public_default	
SDD	06-semana-05	6	Semana 5 · Lección 5: implementar el adaptador local con puerto estable y frontera limpia	06-semana-05/05-codigo-adaptador-local.md	pendiente	NA			public_default	
SDD	06-semana-05	7	Semana 5 · Lección 6: refactor del puerto adaptador para que la persistencia siga siendo mantenible	06-semana-05/06-refactor-puerto-adaptador.md	pendiente	NA			public_default	
SDD	06-semana-05	8	Semana 5 · Lección 7: checkpoint de cierre con evidencia de durabilidad y frontera arquitectónica	06-semana-05/07-checkpoint-evaluacion.md	pendiente	NA			public_default	
SDD	06-semana-05	9	Semana 5 · Lección 8: bitácora de commits para dejar persistencia local trazable y defendible	06-semana-05/08-bitacora-commits.md	pendiente	NA			public_default	
SDD	openspec	19	Proposal: Semana 05 — adaptador de persistencia local	openspec/changes/archive/2026-02-13-week05-local-persistence-adapter/proposal.md	pendiente	NA			review_public	
SDD	openspec	20	Delta para Ticketing (Semana 05)	openspec/changes/archive/2026-02-13-week05-local-persistence-adapter/specs/ticketing/spec.md	pendiente	NA			review_public	
SDD	openspec	21	Design: Semana 05 — límite de persistencia local	openspec/changes/archive/2026-02-13-week05-local-persistence-adapter/design.md	pendiente	NA			review_public	
SDD	openspec	22	Tasks (Semana 05)	openspec/changes/archive/2026-02-13-week05-local-persistence-adapter/tasks.md	pendiente	NA			review_public	
SDD	07-semana-06	1	Semana 6: diseñar un sistema que siga siendo útil cuando internet no coopera	07-semana-06/00-semana-06-roadmap.md	pendiente	NA			public_default	
SDD	07-semana-06	2	Semana 6 · Lección 1: el problema no es tener cache, el problema es no decidir quién manda en cada contexto	07-semana-06/01-problema-offline-cache.md	pendiente	NA			public_default	
SDD	07-semana-06	3	Semana 6 · Lección 2: especificar la política offline-first para que no dependa de intuiciones locales	07-semana-06/02-spec-offline-cache-v1.md	pendiente	NA			public_default	
SDD	07-semana-06	4	Semana 6 · Lección 3: BDD de offline-first para que todo el equipo valide la misma política	07-semana-06/03-bdd-offline-cache.md	pendiente	NA			public_default	
SDD	07-semana-06	5	Semana 6 · Lección 4: TDD del repositorio offline-first para blindar coordinación entre fuentes	07-semana-06/04-tdd-offline-first-repository.md	pendiente	NA			public_default	
SDD	07-semana-06	6	Semana 6 · Lección 5: implementación de `OfflineFirstTicketRepository` sin romper casos de uso	07-semana-06/05-codigo-offline-first-repository.md	pendiente	NA			public_default	
SDD	07-semana-06	7	Semana 6 · Lección 6: refactor de sincronización para que la política offline-first siga siendo mantenible	07-semana-06/06-refactor-sync-policy.md	pendiente	NA			public_default	
SDD	07-semana-06	8	Semana 6 · Lección 7: checkpoint de resiliencia para cerrar offline-first con evidencia real	07-semana-06/07-checkpoint-evaluacion.md	pendiente	NA			public_default	
SDD	07-semana-06	9	Semana 6 · Lección 8: bitácora de commits para que la política offline-first pueda reconstruirse sin ambigüedad	07-semana-06/08-bitacora-commits.md	pendiente	NA			public_default	
SDD	openspec	23	Proposal: Semana 06 — política de caché offline y sincronización	openspec/changes/archive/2026-02-13-week06-offline-cache-policy/proposal.md	pendiente	NA			review_public	
SDD	openspec	24	Delta for Ticketing (Week 06)	openspec/changes/archive/2026-02-13-week06-offline-cache-policy/specs/ticketing/spec.md	pendiente	NA			review_public	
SDD	openspec	25	Design: Semana 06 — decorador de repositorio offline-first	openspec/changes/archive/2026-02-13-week06-offline-cache-policy/design.md	pendiente	NA			review_public	
SDD	openspec	26	Tasks (Week 06)	openspec/changes/archive/2026-02-13-week06-offline-cache-policy/tasks.md	pendiente	NA			review_public	
SDD	08-semana-07	1	Semana 7: aprender a operar el sistema cuando algo falla, no solo a construirlo cuando todo va bien	08-semana-07/00-semana-07-roadmap.md	pendiente	NA			public_default	
SDD	08-semana-07	2	Semana 7 · Lección 1: el mayor coste de una incidencia no es el fallo inicial, es no poder explicarlo rápido	08-semana-07/01-problema-observabilidad.md	pendiente	NA			public_default	
SDD	08-semana-07	3	Semana 7 · Lección 2: especificar observabilidad en OpenSpec para que operar no dependa de memoria oral	08-semana-07/02-spec-observabilidad-baseline.md	pendiente	NA			public_default	
SDD	08-semana-07	4	Semana 7 · Lección 3: BDD de observabilidad para que desarrollo y operación lean la misma realidad	08-semana-07/03-bdd-observabilidad.md	pendiente	NA			public_default	
SDD	08-semana-07	5	Semana 7 · Lección 4: TDD de observabilidad para evitar quedar ciego cuando el sistema falle	08-semana-07/04-tdd-observed-repository.md	pendiente	NA			public_default	
SDD	08-semana-07	6	Semana 7 · Lección 5: código de `ObservedTicketRepository` para ganar visibilidad sin contaminar dominio	08-semana-07/05-codigo-observed-repository.md	pendiente	NA			public_default	
SDD	08-semana-07	7	Semana 7 · Lección 6: refactor de convención de eventos para que la observabilidad no se degrade con el tiempo	08-semana-07/06-refactor-convencion-eventos.md	pendiente	NA			public_default	
SDD	08-semana-07	8	Semana 7 · Lección 7: checkpoint de observabilidad para demostrar utilidad operativa real	08-semana-07/07-checkpoint-evaluacion.md	pendiente	NA			public_default	
SDD	08-semana-07	9	Semana 7 · Lección 8: bitácora de commits para preservar contexto operativo y acelerar mentoring	08-semana-07/08-bitacora-commits.md	pendiente	NA			public_default	
SDD	openspec	27	Proposal: Semana 07 — línea base de observabilidad para operaciones de repositorio	openspec/changes/archive/2026-02-13-week07-observability-baseline/proposal.md	pendiente	NA			review_public	
SDD	openspec	28	Delta for Ticketing (Week 07)	openspec/changes/archive/2026-02-13-week07-observability-baseline/specs/ticketing/spec.md	pendiente	NA			review_public	
SDD	openspec	29	Design: Semana 07 — decorador de repositorio observado	openspec/changes/archive/2026-02-13-week07-observability-baseline/design.md	pendiente	NA			review_public	
SDD	openspec	30	Tasks (Week 07)	openspec/changes/archive/2026-02-13-week07-observability-baseline/tasks.md	pendiente	NA			review_public	
SDD	09-semana-08	1	Semana 8: convertir calidad en una decisión técnica reproducible y no en una discusión subjetiva	09-semana-08/00-semana-08-roadmap.md	pendiente	NA			public_default	
SDD	09-semana-08	2	Semana 8 · Lección 1: el problema real de calidad cuando no existe un árbitro técnico común	09-semana-08/01-problema-quality-gates.md	pendiente	NA			public_default	
SDD	09-semana-08	3	Semana 8 · Lección 2: escribir la spec de quality gates para que la decisión de release sea determinista	09-semana-08/02-spec-quality-gates-v1.md	pendiente	NA			public_default	
SDD	09-semana-08	4	"Semana 8 · Lección 3: BDD de quality gates para alinear a todo el equipo en la misma definición de ""pasa"" y ""bloquea"""	09-semana-08/03-bdd-quality-gates.md	pendiente	NA			public_default	
SDD	09-semana-08	5	Semana 8 · Lección 4: TDD del evaluador para blindar la decisión de release con reglas estables	09-semana-08/04-tdd-quality-gate-evaluator.md	pendiente	NA			public_default	
SDD	09-semana-08	6	Semana 8 · Lección 5: código de la CLI para convertir policy en una decisión ejecutable por pipeline	09-semana-08/05-codigo-quality-gates-cli.md	pendiente	NA			public_default	
SDD	09-semana-08	7	Semana 8 · Lección 6: refactor de umbrales para evolucionar la calidad sin romper coherencia	09-semana-08/06-refactor-policy-thresholds.md	pendiente	NA			public_default	
SDD	09-semana-08	8	Semana 8 · Lección 7: checkpoint de quality gates para cerrar con decisión técnica reproducible	09-semana-08/07-checkpoint-evaluacion.md	pendiente	NA			public_default	
SDD	09-semana-08	9	Semana 8 · Lección 8: bitácora de commits para sostener quality gates cuando cambie el equipo y el contexto	09-semana-08/08-bitacora-commits.md	pendiente	NA			public_default	
SDD	openspec	31	Proposal: Semana 08 — línea base de quality gates medibles	openspec/changes/archive/2026-02-13-week08-quality-gates-baseline/proposal.md	pendiente	NA			review_public	
SDD	openspec	32	Delta for Ticketing (Week 08)	openspec/changes/archive/2026-02-13-week08-quality-gates-baseline/specs/ticketing/spec.md	pendiente	NA			review_public	
SDD	openspec	33	Design: Semana 08 — pipeline de evaluación de quality gate	openspec/changes/archive/2026-02-13-week08-quality-gates-baseline/design.md	pendiente	NA			review_public	
SDD	openspec	34	Tasks (Week 08)	openspec/changes/archive/2026-02-13-week08-quality-gates-baseline/tasks.md	pendiente	NA			review_public	
SDD	10-semana-09	1	Semana 9: seguridad y compliance como diseño explícito de frontera, no como parche de última hora	10-semana-09/00-semana-09-roadmap.md	pendiente	NA			public_default	
SDD	10-semana-09	2	Semana 9 · Lección 1: el incidente de compliance que nace en telemetría, no en la lógica principal	10-semana-09/01-problema-seguridad-compliance.md	pendiente	NA			public_default	
SDD	10-semana-09	3	Semana 9 · Lección 2: especificar compliance de telemetría en OpenSpec para que sea ejecutable y auditable	10-semana-09/02-spec-seguridad-compliance-v1.md	pendiente	NA			public_default	
SDD	10-semana-09	4	Semana 9 · Lección 3: BDD de seguridad y compliance para alinear significado entre roles	10-semana-09/03-bdd-seguridad-compliance.md	pendiente	NA			public_default	
SDD	10-semana-09	5	Semana 9 · Lección 4: TDD de seguridad para que una regresión invisible no llegue a producción	10-semana-09/04-tdd-telemetry-security-policy.md	pendiente	NA			public_default	
SDD	10-semana-09	6	Semana 9 · Lección 5: llevar compliance a producción con una frontera única y verificable	10-semana-09/05-codigo-security-compliant-sink.md	pendiente	NA			public_default	
SDD	10-semana-09	7	Semana 9 · Lección 6: refactor de clasificación para escalar compliance sin crear deuda silenciosa	10-semana-09/06-refactor-data-classification.md	pendiente	NA			public_default	
SDD	10-semana-09	8	Semana 9 · Lección 7: checkpoint de cierre para demostrar compliance con evidencia reproducible	10-semana-09/07-checkpoint-evaluacion.md	pendiente	NA			public_default	
SDD	10-semana-09	9	Semana 9 · Lección 8: bitácora de commits para que compliance siga siendo defendible dentro de seis meses	10-semana-09/08-bitacora-commits.md	pendiente	NA			public_default	
SDD	openspec	35	Proposal: Semana 09 — línea base de seguridad y cumplimiento en telemetría	openspec/changes/archive/2026-02-13-week09-security-compliance-baseline/proposal.md	pendiente	NA			review_public	
SDD	openspec	36	Delta for Ticketing (Week 09)	openspec/changes/archive/2026-02-13-week09-security-compliance-baseline/specs/ticketing/spec.md	pendiente	NA			review_public	
SDD	openspec	37	Design: Semana 09 — sanitización centralizada en el límite de observabilidad	openspec/changes/archive/2026-02-13-week09-security-compliance-baseline/design.md	pendiente	NA			review_public	
SDD	openspec	38	Tasks (Week 09)	openspec/changes/archive/2026-02-13-week09-security-compliance-baseline/tasks.md	pendiente	NA			review_public	
SDD	11-semana-10	1	Semana 10: validar que la arquitectura escala cuando aparece una segunda feature real	11-semana-10/00-semana-10-roadmap.md	pendiente	NA			public_default	
SDD	11-semana-10	2	Semana 10 · Lección 1: por qué resolver tickets no alcanza si el conocimiento no se convierte en capacidad del sistema	11-semana-10/01-problema-feature-catalogo.md	pendiente	NA			public_default	
SDD	11-semana-10	3	Semana 10 · Lección 2: definir catálogo v1 en OpenSpec para construir con foco y sin ambigüedad	11-semana-10/02-spec-catalogo-v1.md	pendiente	NA			public_default	
SDD	11-semana-10	4	Semana 10 · Lección 3: BDD del catálogo para convertir una idea de producto en contrato compartido	11-semana-10/03-bdd-catalogo.md	pendiente	NA			public_default	
SDD	11-semana-10	5	Semana 10 · Lección 4: TDD de dominio y aplicación para que el catálogo nazca estable	11-semana-10/04-tdd-catalogo-domain-application.md	pendiente	NA			public_default	
SDD	11-semana-10	6	Semana 10 · Lección 5: implementación del catálogo con repositorio en memoria sin romper arquitectura	11-semana-10/05-codigo-catalogo-memory-repository.md	pendiente	NA			public_default	
SDD	11-semana-10	7	Semana 10 · Lección 6: refactor de fronteras para que dos features convivan sin contaminarse	11-semana-10/06-refactor-boundary-catalogo.md	pendiente	NA			public_default	
SDD	11-semana-10	8	Semana 10 · Lección 7: checkpoint de expansión para cerrar crecimiento sin romper estabilidad	11-semana-10/07-checkpoint-evaluacion.md	pendiente	NA			public_default	
SDD	11-semana-10	9	Semana 10 · Lección 8: bitácora de commits para que la expansión quede explicada y defendible	11-semana-10/08-bitacora-commits.md	pendiente	NA			public_default	
SDD	openspec	39	Proposal: Semana 10 — línea base de segunda funcionalidad con catálogo de conocimiento	openspec/changes/archive/2026-02-13-week10-knowledge-catalog-feature/proposal.md	pendiente	NA			review_public	
SDD	openspec	40	Delta for Ticketing (Week 10)	openspec/changes/archive/2026-02-13-week10-knowledge-catalog-feature/specs/ticketing/spec.md	pendiente	NA			review_public	
SDD	openspec	41	Design: Semana 10 — crecimiento de segunda funcionalidad sin deriva arquitectónica	openspec/changes/archive/2026-02-13-week10-knowledge-catalog-feature/design.md	pendiente	NA			review_public	
SDD	openspec	42	Tasks (Week 10)	openspec/changes/archive/2026-02-13-week10-knowledge-catalog-feature/tasks.md	pendiente	NA			review_public	
SDD	12-semana-11	1	Semana 11: integrar features sin convertir la app en una red de atajos difíciles de mantener	12-semana-11/00-semana-11-roadmap.md	pendiente	NA			public_default	
SDD	12-semana-11	2	"Semana 11 · Lección 1: por qué una navegación que ""funciona"" puede seguir siendo mala arquitectura"	12-semana-11/01-problema-integracion-features.md	pendiente	NA			public_default	
SDD	12-semana-11	3	Semana 11 · Lección 2: especificar la integración entre features para que el desacoplamiento no dependa de memoria	12-semana-11/02-spec-integracion-v1.md	pendiente	NA			public_default	
SDD	12-semana-11	4	Semana 11 · Lección 3: BDD de integración para validar conversaciones entre componentes, no suposiciones	12-semana-11/03-bdd-integracion-features.md	pendiente	NA			public_default	
SDD	12-semana-11	5	Semana 11 · Lección 4: TDD de router y coordinador para blindar el contrato de navegación	12-semana-11/04-tdd-router-coordinator.md	pendiente	NA			public_default	
SDD	12-semana-11	6	Semana 11 · Lección 5: código de shell raíz con navegación gobernada y propiedad explícita de estado	12-semana-11/05-codigo-root-shell-navigation.md	pendiente	NA			public_default	
SDD	12-semana-11	7	Semana 11 · Lección 6: refactor de wiring para escalar features sin crecer en caos de ensamblado	12-semana-11/06-refactor-wiring-entre-features.md	pendiente	NA			public_default	
SDD	12-semana-11	8	Semana 11 · Lección 7: checkpoint de integración para cerrar con garantías de arquitectura y no solo de UI	12-semana-11/07-checkpoint-evaluacion.md	pendiente	NA			public_default	
SDD	12-semana-11	9	Semana 11 · Lección 8: bitácora de commits para que la integración entre features sea auditable y mantenible	12-semana-11/08-bitacora-commits.md	pendiente	NA			public_default	
SDD	openspec	43	Proposal: Semana 11 — integración de funcionalidades mediante contrato de navegación desacoplado	openspec/changes/archive/2026-02-13-week11-feature-integration-navigation/proposal.md	pendiente	NA			review_public	
SDD	openspec	44	Delta for Ticketing (Week 11)	openspec/changes/archive/2026-02-13-week11-feature-integration-navigation/specs/ticketing/spec.md	pendiente	NA			review_public	
SDD	openspec	45	Design: Semana 11 — flujo de integración sin acoplamiento cross-feature	openspec/changes/archive/2026-02-13-week11-feature-integration-navigation/design.md	pendiente	NA			review_public	
SDD	openspec	46	Tasks (Week 11)	openspec/changes/archive/2026-02-13-week11-feature-integration-navigation/tasks.md	pendiente	NA			review_public	
SDD	13-semana-12	1	Semana 12: modularización con enforcement automático para que la arquitectura se sostenga bajo presión real	13-semana-12/00-semana-12-roadmap.md	pendiente	NA			public_default	
SDD	13-semana-12	2	Semana 12 · Lección 1: por qué tener módulos no evita degradación si faltan reglas ejecutables	13-semana-12/01-problema-modularizacion-sin-reglas.md	pendiente	NA			public_default	
SDD	13-semana-12	3	Semana 12 · Lección 2: cómo escribir una spec de fronteras de módulo que realmente gobierne el sistema	13-semana-12/02-spec-module-boundary-v1.md	pendiente	NA			public_default	
SDD	13-semana-12	4	Semana 12 · Lección 3: llevar la gobernanza de módulos a BDD para que deje de ser discurso y pase a evidencia	13-semana-12/03-bdd-module-boundaries.md	pendiente	NA			public_default	
SDD	13-semana-12	5	Semana 12 · Lección 4: TDD del evaluador para blindar fronteras de módulo frente a regresiones silenciosas	13-semana-12/04-tdd-module-boundary-evaluator.md	pendiente	NA			public_default	
SDD	13-semana-12	6	Semana 12 · Lección 5: llevar el evaluador a producción con una CLI estable y auditable	13-semana-12/05-codigo-module-governance-cli.md	pendiente	NA			public_default	
SDD	13-semana-12	7	Semana 12 · Lección 6: integrar module boundary en quality gates para que la arquitectura sea condición de release	13-semana-12/06-refactor-quality-gates-con-boundaries.md	pendiente	NA			public_default	
SDD	13-semana-12	8	Semana 12 · Lección 7: checkpoint de gobernanza modular con evidencia que resiste auditoría	13-semana-12/07-checkpoint-evaluacion.md	pendiente	NA			public_default	
SDD	13-semana-12	9	Semana 12 · Lección 8: bitácora de commits para que la gobernanza sea memoria viva del equipo	13-semana-12/08-bitacora-commits.md	pendiente	NA			public_default	
SDD	openspec	47	Proposal: Semana 12 — línea base de gobernanza de límites de módulos	openspec/changes/archive/2026-02-13-week12-module-boundary-governance/proposal.md	pendiente	NA			review_public	
SDD	openspec	48	Delta for Ticketing (Week 12)	openspec/changes/archive/2026-02-13-week12-module-boundary-governance/specs/ticketing/spec.md	pendiente	NA			review_public	
SDD	openspec	49	Design: Semana 12 — gobernanza de dependencias de módulos basada en políticas	openspec/changes/archive/2026-02-13-week12-module-boundary-governance/design.md	pendiente	NA			review_public	
SDD	openspec	50	Tasks (Week 12)	openspec/changes/archive/2026-02-13-week12-module-boundary-governance/tasks.md	pendiente	NA			review_public	
SDD	14-semana-13	1	Semana 13: gobernanza técnica con RFC y ADR integrados en el flujo SDD para escalar decisiones	14-semana-13/00-semana-13-roadmap.md	pendiente	NA			public_default	
SDD	14-semana-13	2	Semana 13 · Lección 1: qué se rompe cuando las decisiones no dejan evidencia y solo viven en la memoria	14-semana-13/01-problema-gobernanza-sin-evidencia.md	pendiente	NA			public_default	
SDD	14-semana-13	3	Semana 13 · Lección 2: diseñar una spec de gobernanza que pase de intención a control operativo	14-semana-13/02-spec-gobernanza-rfc-adr-v1.md	pendiente	NA			public_default	
SDD	14-semana-13	4	Semana 13 · Lección 3: traducir gobernanza a BDD para evaluar decisiones con el mismo rigor que una feature	14-semana-13/03-bdd-gobernanza.md	pendiente	NA			public_default	
SDD	14-semana-13	5	Semana 13 · Lección 4: TDD del validador de gobernanza para detectar huecos documentales antes de que escalen	14-semana-13/04-tdd-governance-validator.md	pendiente	NA			public_default	
SDD	14-semana-13	6	Semana 13 · Lección 5: integrar gobernanza en producción para que el proceso sea consistente entre local y CI	14-semana-13/05-codigo-gobernanza-integrada.md	pendiente	NA			public_default	
SDD	14-semana-13	7	Semana 13 · Lección 6: refactor del ciclo RFC y ADR para maximizar claridad y minimizar fricción	14-semana-13/06-refactor-lifecycle-rfc-adr.md	pendiente	NA			public_default	
SDD	14-semana-13	8	Semana 13 · Lección 7: checkpoint final para demostrar gobernanza automatizada con evidencia reproducible	14-semana-13/07-checkpoint-evaluacion.md	pendiente	NA			public_default	
SDD	14-semana-13	9	Semana 13 · Lección 8: bitácora de commits para conservar el hilo de decisiones arquitectónicas	14-semana-13/08-bitacora-commits.md	pendiente	NA			public_default	
SDD	openspec	51	Proposal: Semana 13 — línea base de gobernanza RFC y ADR	openspec/changes/archive/2026-02-13-week13-rfc-adr-governance/proposal.md	pendiente	NA			review_public	
SDD	openspec	52	Delta for Ticketing (Week 13)	openspec/changes/archive/2026-02-13-week13-rfc-adr-governance/specs/ticketing/spec.md	pendiente	NA			review_public	
SDD	openspec	53	Design: Semana 13 — artefactos de gobernanza como señal de release ejecutable	openspec/changes/archive/2026-02-13-week13-rfc-adr-governance/design.md	pendiente	NA			review_public	
SDD	openspec	54	Tasks (Week 13)	openspec/changes/archive/2026-02-13-week13-rfc-adr-governance/tasks.md	pendiente	NA			review_public	
SDD	15-semana-14	1	Semana 14: release readiness y rollback drills como disciplina operativa verificable	15-semana-14/00-semana-14-roadmap.md	pendiente	NA			public_default	
SDD	15-semana-14	2	Semana 14 · Lección 1: desplegar sin readiness convierte una regresión normal en un incidente caro	15-semana-14/01-problema-release-sin-readiness.md	pendiente	NA			public_default	
SDD	15-semana-14	3	Semana 14 · Lección 2: especificar release readiness para que el go/no-go sea determinista	15-semana-14/02-spec-release-readiness-v1.md	pendiente	NA			public_default	
SDD	15-semana-14	4	Semana 14 · Lección 3: BDD de release readiness para validar operación con criterios compartidos	15-semana-14/03-bdd-release-readiness.md	pendiente	NA			public_default	
SDD	15-semana-14	5	Semana 14 · Lección 4: TDD del evaluator de readiness para bloquear liberaciones inseguras con precisión	15-semana-14/04-tdd-release-readiness-evaluator.md	pendiente	NA			public_default	
SDD	15-semana-14	6	Semana 14 · Lección 5: pipeline de release readiness para ejecutar go/no-go con evidencia real	15-semana-14/05-codigo-release-readiness-pipeline.md	pendiente	NA			public_default	
SDD	15-semana-14	7	Semana 14 · Lección 6: refactor del runbook para que sea ejecutable bajo estrés real	15-semana-14/06-refactor-runbook-operable.md	pendiente	NA			public_default	
SDD	15-semana-14	8	Semana 14 · Lección 7: checkpoint de readiness para cerrar con garantías operativas verificables	15-semana-14/07-checkpoint-evaluacion.md	pendiente	NA			public_default	
SDD	15-semana-14	9	Semana 14 · Lección 8: bitácora de commits para demostrar madurez operativa y trazabilidad de readiness	15-semana-14/08-bitacora-commits.md	pendiente	NA			public_default	
SDD	openspec	55	Proposal: Semana 14 — preparación de release con canary y simulacro de rollback	openspec/changes/archive/2026-02-13-week14-release-rollback-readiness/proposal.md	pendiente	NA			review_public	
SDD	openspec	56	Delta for Ticketing (Week 14)	openspec/changes/archive/2026-02-13-week14-release-rollback-readiness/specs/ticketing/spec.md	pendiente	NA			review_public	
SDD	openspec	57	Design: Semana 14 — señal de preparación de release como gate operacional	openspec/changes/archive/2026-02-13-week14-release-rollback-readiness/design.md	pendiente	NA			review_public	
SDD	openspec	58	Tasks (Week 14)	openspec/changes/archive/2026-02-13-week14-release-rollback-readiness/tasks.md	pendiente	NA			review_public	
SDD	16-semana-15	1	Semana 15: hardening con presupuestos medibles para frenar degradación antes de que se vuelva crónica	16-semana-15/00-semana-15-roadmap.md	pendiente	NA			public_default	
SDD	16-semana-15	2	"Semana 15 · Lección 1: qué ocurre cuando no hay presupuesto técnico y todo ""se arregla luego"""	16-semana-15/01-problema-hardening-sin-presupuesto.md	pendiente	NA			public_default	
SDD	16-semana-15	3	Semana 15 · Lección 2: convertir hardening en especificación verificable y no en recomendación vaga	16-semana-15/02-spec-hardening-v1.md	pendiente	NA			public_default	
SDD	16-semana-15	4	Semana 15 · Lección 3: BDD de hardening para hablar de salud técnica con hechos y no con opiniones	16-semana-15/03-bdd-hardening.md	pendiente	NA			public_default	
SDD	16-semana-15	5	Semana 15 · Lección 4: TDD de `HardeningEvaluator` para proteger la política de presupuestos frente al paso del tiempo	16-semana-15/04-tdd-hardening-evaluator.md	pendiente	NA			public_default	
SDD	16-semana-15	6	Semana 15 · Lección 5: código de hardening en producción para detectar degradación antes del incidente	16-semana-15/05-codigo-hardening-cli.md	pendiente	NA			public_default	
SDD	16-semana-15	7	Semana 15 · Lección 6: refactor de presupuestos para ajustar exigencia sin perder rigor técnico	16-semana-15/06-refactor-presupuestos-rendimiento.md	pendiente	NA			public_default	
SDD	16-semana-15	8	Semana 15 · Lección 7: checkpoint de hardening para demostrar prevención técnica, no reacción tardía	16-semana-15/07-checkpoint-evaluacion.md	pendiente	NA			public_default	
SDD	16-semana-15	9	Semana 15 · Lección 8: bitácora de hardening para que las decisiones sigan siendo entendibles en el tiempo	16-semana-15/08-bitacora-commits.md	pendiente	NA			public_default	
SDD	openspec	59	Proposal: Semana 15 — presupuestos de endurecimiento para rendimiento y deuda	openspec/changes/archive/2026-02-13-week15-hardening-performance-budget/proposal.md	pendiente	NA			review_public	
SDD	openspec	60	Delta para Ticketing (Semana 15)	openspec/changes/archive/2026-02-13-week15-hardening-performance-budget/specs/ticketing/spec.md	pendiente	NA			review_public	
SDD	openspec	61	Design: Semana 15 — bucle ejecutable de endurecimiento	openspec/changes/archive/2026-02-13-week15-hardening-performance-budget/design.md	pendiente	NA			review_public	
SDD	openspec	62	Tasks (Semana 15)	openspec/changes/archive/2026-02-13-week15-hardening-performance-budget/tasks.md	pendiente	NA			review_public	
SDD	17-semana-16	1	Semana 16: defensa final como validación enterprise de todo el ciclo SDD + IA	17-semana-16/00-semana-16-roadmap.md	pendiente	NA			public_default	
SDD	17-semana-16	2	Semana 16 · Lección 1: por qué una defensa sin evidencia sólida pierde credibilidad aunque la app funcione	17-semana-16/01-problema-defensa-sin-evidencia.md	pendiente	NA			public_default	
SDD	17-semana-16	3	Semana 16 · Lección 2: especificar la defensa final con umbrales para cerrar con criterio objetivo	17-semana-16/02-spec-final-defense-v1.md	pendiente	NA			public_default	
SDD	17-semana-16	4	Semana 16 · Lección 3: BDD de defensa final para convertir aceptación en comportamiento comprobable	17-semana-16/03-bdd-final-defense.md	pendiente	NA			public_default	
SDD	17-semana-16	5	Semana 16 · Lección 4: TDD de `FinalDefenseEvaluator` para blindar el criterio de aceptación final	17-semana-16/04-tdd-final-defense-evaluator.md	pendiente	NA			public_default	
SDD	17-semana-16	6	Semana 16 · Lección 5: pipeline de defensa final para cerrar el curso con un proceso reproducible	17-semana-16/05-codigo-final-defense-pipeline.md	pendiente	NA			public_default	
SDD	17-semana-16	7	Semana 16 · Lección 6: refactor de la defensa para que sea ejecutable por cualquier persona del equipo	17-semana-16/06-refactor-defensa-reproducible.md	pendiente	NA			public_default	
SDD	17-semana-16	8	Semana 16 · Lección 7: checkpoint final del máster para validar el ciclo completo SDD + IA	17-semana-16/07-checkpoint-evaluacion.md	pendiente	NA			public_default	
SDD	17-semana-16	9	Semana 16 · Lección 8: bitácora final para cerrar el curso con trazabilidad completa de 0 a 100	17-semana-16/08-bitacora-commits.md	pendiente	NA			public_default	
SDD	openspec	63	Proposal: Semana 16 — preparación de defensa final como contrato ejecutable	openspec/changes/archive/2026-02-13-week16-final-defense-readiness/proposal.md	pendiente	NA			review_public	
SDD	openspec	64	Delta para Ticketing (Semana 16)	openspec/changes/archive/2026-02-13-week16-final-defense-readiness/specs/ticketing/spec.md	pendiente	NA			review_public	
SDD	openspec	65	Design: Semana 16 — bucle determinístico de defensa final	openspec/changes/archive/2026-02-13-week16-final-defense-readiness/design.md	pendiente	NA			review_public	
SDD	openspec	66	Tasks (Semana 16)	openspec/changes/archive/2026-02-13-week16-final-defense-readiness/tasks.md	pendiente	NA			review_public	
SDD	anexos	1	Atlas visual SDD	anexos/diagramas/atlas-sdd.md	pendiente	NA			public_default	
SDD	anexos	2	Glosario SDD	anexos/glosario.md	pendiente	NA			public_default	
SDD	anexos	3	Proyecto final: SaaS B2B Helpdesk	anexos/proyecto-final/README.md	pendiente	NA			public_default	
SDD	anexos	4	Template — Problem Statement	anexos/plantillas/template-problem-statement.md	pendiente	NA			public_default	
SDD	anexos	5	Template — Scope Sheet	anexos/plantillas/template-scope.md	pendiente	NA			public_default	
SDD	anexos	6	Template — User Story	anexos/plantillas/template-user-story.md	pendiente	NA			public_default	
SDD	anexos	7	Template — Acceptance Criteria (Gherkin)	anexos/plantillas/template-acceptance-criteria.md	pendiente	NA			public_default	
SDD	anexos	8	Template — Functional Spec	anexos/plantillas/template-functional-spec.md	pendiente	NA			public_default	
SDD	anexos	9	Template — Technical Spec	anexos/plantillas/template-technical-spec.md	pendiente	NA			public_default	
SDD	anexos	10	Template — ADR	anexos/plantillas/template-adr.md	pendiente	NA			public_default	
SDD	anexos	11	Template — OpenAPI (resumen)	anexos/plantillas/template-openapi.md	pendiente	NA			public_default	
SDD	anexos	12	Template — Data Model	anexos/plantillas/template-data-model.md	pendiente	NA			public_default	
SDD	anexos	13	Template — Traceability Matrix	anexos/plantillas/template-traceability-matrix.md	pendiente	NA			public_default	
SDD	anexos	14	Template — RFC de cambio	anexos/plantillas/template-rfc-change.md	pendiente	NA			public_default	
SDD	anexos	15	Template — Threat Model Lite	anexos/plantillas/template-threat-model-lite.md	pendiente	NA			public_default	
SDD	anexos	16	Template — Release Checklist	anexos/plantillas/template-release-checklist.md	pendiente	NA			public_default	
SDD	anexos	17	Template — Observability Plan	anexos/plantillas/template-observability-plan.md	pendiente	NA			public_default	
SDD	anexos	18	Guía de recuperación cuando un ticket se atasca	anexos/guia-recuperacion.md	pendiente	NA			public_default	
SDD	anexos	19	Snapshots esperados de evidencia durante el curso	anexos/snapshots-esperados.md	pendiente	NA			public_default	
SDD	anexos	20	Milestones de progresión para el proyecto continuo	anexos/milestones.md	pendiente	NA			public_default	
SDD	anexos	21	Calentamiento para Semana 3: shell SwiftUI sin contaminar dominio	anexos/calentamiento-semana-03-swiftui.md	pendiente	NA			public_default	
SDD	anexos	22	Calentamiento para Semana 7: observabilidad como capacidad	anexos/calentamiento-semana-07-observabilidad.md	pendiente	NA			public_default	
SDD	anexos	23	Calentamiento para Semana 10: segundo contexto sin romper el primero	anexos/calentamiento-semana-10-segundo-contexto.md	pendiente	NA			public_default	
SDD	anexos	24	Consolidación bloque 1: semanas 1 a 4	anexos/consolidacion-bloque-1-semanas-1-4.md	pendiente	NA			public_default	
SDD	anexos	25	Consolidación bloque 2: semanas 5 a 9	anexos/consolidacion-bloque-2-semanas-5-9.md	pendiente	NA			public_default	
SDD	anexos	26	Adaptación del método SDD + IA a otros stacks	anexos/adaptacion-multi-stack.md	pendiente	NA			public_default	
SDD	anexos	27	Autoevaluación de progreso del curso	anexos/quizzes-autoevaluacion.md	pendiente	NA			public_default	
