course	section	lesson	file	has_mermaid	has_non_mermaid_snippet	priority	reason
iOS	00-core-mobile	Core Mobile Architecture	00-core-mobile/00-introduccion.md	no	no	P0	missing_mermaid_and_snippet
iOS	00-core-mobile	Marco de decisiones arquitectónicas	00-core-mobile/01-marco-de-decisiones.md	yes	yes	P2	ok
iOS	00-core-mobile	Invariantes y contratos	00-core-mobile/02-invariantes-y-contratos.md	yes	yes	P2	ok
iOS	00-core-mobile	Variabilidad y evolución sin caos	00-core-mobile/03-variabilidad-y-evolucion.md	yes	yes	P2	ok
iOS	00-core-mobile	Calidad PR-ready	00-core-mobile/04-calidad-pr-ready.md	no	no	P0	missing_mermaid_and_snippet
iOS	00-core-mobile	Observabilidad y operación	00-core-mobile/05-observabilidad-operacion.md	no	no	P0	missing_mermaid_and_snippet
iOS	00-core-mobile	Release, rollback y feature flags	00-core-mobile/06-release-rollback-flags.md	no	no	P0	missing_mermaid_and_snippet
iOS	00-core-mobile	APIs, contratos y versionado	00-core-mobile/07-apis-contratos-versionado.md	no	no	P0	missing_mermaid_and_snippet
iOS	00-core-mobile	Seguridad, privacidad y threat modeling	00-core-mobile/08-seguridad-privacidad-threat-modeling.md	no	no	P0	missing_mermaid_and_snippet
iOS	00-core-mobile	Dependency governance y supply chain	00-core-mobile/09-dependency-governance-supply-chain.md	no	no	P0	missing_mermaid_and_snippet
iOS	00-core-mobile	Plantillas operativas (con ejemplos reales)	00-core-mobile/10-plantillas.md	no	no	P0	missing_mermaid_and_snippet
iOS	00-core-mobile	Crosswalk iOS ↔ Android	00-core-mobile/11-crosswalk-ios-android.md	no	no	P0	missing_mermaid_and_snippet
iOS	00-core-mobile	1) Purpose of This Document	00-core-mobile/12-mobile-architect-parity-ios-android.md	no	no	P0	missing_mermaid_and_snippet
iOS	00-core-mobile	Changelog	00-core-mobile/CHANGELOG.md	no	no	P0	missing_mermaid_and_snippet
iOS	01-fundamentos	Introducción al curso	01-fundamentos/00-introduccion.md	yes	yes	P2	ok
iOS	01-fundamentos	Setup: Preparación del entorno	01-fundamentos/00-setup.md	no	yes	P1	missing_mermaid
iOS	01-fundamentos	Principios de ingeniería	01-fundamentos/01-principios-ingenieria.md	yes	yes	P2	ok
iOS	01-fundamentos	Metodología BDD: especificación y descubrimiento	01-fundamentos/02-metodologia-bdd-tdd.md	yes	yes	P2	ok
iOS	01-fundamentos	Metodología TDD: práctica Red-Green-Refactor	01-fundamentos/02-metodologia-tdd-practica.md	yes	yes	P2	ok
iOS	01-fundamentos	Stack tecnológico	01-fundamentos/03-stack-tecnologico.md	yes	yes	P2	ok
iOS	01-fundamentos	Estructura Feature-First: paso a paso en Xcode	01-fundamentos/04-estructura-feature-first.md	yes	yes	P2	ok
iOS	01-fundamentos	Feature Login: Especificación BDD	01-fundamentos/05-feature-login/00-especificacion-bdd.md	yes	yes	P2	ok
iOS	01-fundamentos	Feature Login: Capa Domain	01-fundamentos/05-feature-login/01-domain.md	yes	yes	P2	ok
iOS	01-fundamentos	Feature Login: Capa Application	01-fundamentos/05-feature-login/02-application.md	yes	yes	P2	ok
iOS	01-fundamentos	Feature Login: Capa Infrastructure	01-fundamentos/05-feature-login/03-infrastructure.md	yes	yes	P2	ok
iOS	01-fundamentos	Feature Login: Capa Interface (SwiftUI)	01-fundamentos/05-feature-login/04-interface-swiftui.md	yes	yes	P2	ok
iOS	01-fundamentos	Feature Login: Retrospectiva del ciclo TDD completo	01-fundamentos/05-feature-login/05-tdd-ciclo-completo.md	yes	yes	P2	ok
iOS	01-fundamentos	ADR-001: Diseño de la Feature Login	01-fundamentos/05-feature-login/ADR-001-login.md	no	no	P0	missing_mermaid_and_snippet
iOS	01-fundamentos	Conectando la App: Tu Primera App Funcional	01-fundamentos/06-conectando-la-app.md	no	yes	P1	missing_mermaid
iOS	01-fundamentos	Entregables — Etapa 1: Junior	01-fundamentos/entregables-etapa-1.md	no	yes	P1	missing_mermaid
iOS	02-integracion	Etapa 2: Integración — Dos features que trabajan juntas sin acoplarse	02-integracion/00-introduccion.md	yes	yes	P2	ok
iOS	02-integracion	Feature Catalog: Especificación BDD	02-integracion/01-feature-catalog/00-especificacion-bdd.md	yes	yes	P2	ok
iOS	02-integracion	Feature Catalog: Capa Domain	02-integracion/01-feature-catalog/01-domain.md	yes	yes	P2	ok
iOS	02-integracion	Feature Catalog: Capa Application	02-integracion/01-feature-catalog/02-application.md	yes	yes	P2	ok
iOS	02-integracion	Feature Catalog: Capa Infrastructure	02-integracion/01-feature-catalog/03-infrastructure.md	yes	yes	P2	ok
iOS	02-integracion	Feature Catalog: Capa Interface (SwiftUI)	02-integracion/01-feature-catalog/04-interface-swiftui.md	yes	yes	P2	ok
iOS	02-integracion	ADR-002: Diseño de la Feature Catalog	02-integracion/01-feature-catalog/ADR-002-catalog.md	yes	yes	P2	ok
iOS	02-integracion	Navegación por eventos: el AppCoordinator	02-integracion/02-navegacion-eventos.md	yes	yes	P2	ok
iOS	02-integracion	Contratos entre features	02-integracion/03-contratos-features.md	yes	yes	P2	ok
iOS	02-integracion	Infraestructura real: URLSessionHTTPClient	02-integracion/04-infra-real-network.md	yes	yes	P2	ok
iOS	02-integracion	Integration Tests	02-integracion/05-integration-tests.md	yes	yes	P2	ok
iOS	02-integracion	Composition Root: donde se ensambla todo	02-integracion/06-composition-root.md	yes	yes	P2	ok
iOS	02-integracion	SwiftUI Enterprise: Patrones Imprescindibles	02-integracion/07-swiftui-enterprise.md	yes	yes	P2	ok
iOS	02-integracion	Swift Concurrency Enterprise: Patrones Imprescindibles	02-integracion/08-swift-concurrency-enterprise.md	yes	yes	P2	ok
iOS	02-integracion	App Final Etapa 2: Login + Catalog Funcionando Juntos	02-integracion/09-app-final-etapa-2.md	yes	yes	P2	ok
iOS	02-integracion	Entregables — Etapa 2: Integración	02-integracion/entregables-etapa-2.md	yes	yes	P2	ok
iOS	03-evolucion	Etapa 3: Evolución — Resiliencia y calidad de producción	03-evolucion/00-introduccion.md	yes	yes	P2	ok
iOS	03-evolucion	Caching y offline	03-evolucion/01-caching-offline.md	yes	yes	P2	ok
iOS	03-evolucion	Consistencia e invalidación	03-evolucion/02-consistencia.md	yes	yes	P2	ok
iOS	03-evolucion	Observabilidad	03-evolucion/03-observabilidad.md	yes	yes	P2	ok
iOS	03-evolucion	Tests avanzados	03-evolucion/04-tests-avanzados.md	yes	yes	P2	ok
iOS	03-evolucion	Trade-offs y riesgos	03-evolucion/05-trade-offs.md	yes	yes	P2	ok
iOS	03-evolucion	SwiftData como ProductStore	03-evolucion/06-swiftdata-store.md	yes	yes	P2	ok
iOS	03-evolucion	Backend Firebase: integración enterprise	03-evolucion/07-backend-firebase.md	yes	yes	P2	ok
iOS	03-evolucion	Entregables — Etapa 3: Evolución	03-evolucion/entregables-etapa-3.md	yes	yes	P2	ok
iOS	04-arquitecto	Etapa 4: Arquitecto — Plataforma y gobernanza	04-arquitecto/00-introduccion.md	yes	yes	P2	ok
iOS	04-arquitecto	Bounded Contexts	04-arquitecto/01-bounded-contexts.md	yes	yes	P2	ok
iOS	04-arquitecto	Reglas de dependencia y CI	04-arquitecto/02-reglas-dependencia-ci.md	yes	yes	P2	ok
iOS	04-arquitecto	Navegación y deep links como plataforma	04-arquitecto/03-navegacion-deeplinks.md	yes	yes	P2	ok
iOS	04-arquitecto	Versionado y SPM	04-arquitecto/04-versionado-spm.md	yes	yes	P2	ok
iOS	04-arquitecto	Guía de arquitectura del repositorio	04-arquitecto/05-guia-arquitectura.md	yes	yes	P2	ok
iOS	04-arquitecto	Quality Gates	04-arquitecto/06-quality-gates.md	yes	yes	P2	ok
iOS	04-arquitecto	Entregables — Etapa 4: Arquitecto	04-arquitecto/entregables-etapa-4.md	no	yes	P1	missing_mermaid
iOS	05-maestria	Etapa 5 — Maestría: Concurrency, SwiftUI moderno y patrones de composición	05-maestria/00-introduccion.md	yes	yes	P2	ok
iOS	05-maestria	Isolation domains y Sendable	05-maestria/01-isolation-domains.md	yes	yes	P2	ok
iOS	05-maestria	Actors en arquitectura	05-maestria/02-actors-en-arquitectura.md	yes	yes	P2	ok
iOS	05-maestria	Structured concurrency	05-maestria/03-structured-concurrency.md	yes	yes	P2	ok
iOS	05-maestria	Testing concurrente	05-maestria/04-testing-concurrente.md	yes	yes	P2	ok
iOS	05-maestria	SwiftUI state moderno	05-maestria/05-swiftui-state-moderno.md	yes	yes	P2	ok
iOS	05-maestria	SwiftUI performance	05-maestria/06-swiftui-performance.md	yes	yes	P2	ok
iOS	05-maestria	Composición avanzada	05-maestria/07-composicion-avanzada.md	yes	yes	P2	ok
iOS	05-maestria	Memory leaks y diagnóstico	05-maestria/08-memory-leaks-y-diagnostico.md	yes	yes	P2	ok
iOS	05-maestria	Migración a Swift 6	05-maestria/09-migracion-swift6.md	yes	yes	P2	ok
iOS	05-maestria	Debugging en Xcode: Encuentra y arregla bugs como un profesional	05-maestria/10-debugging-xcode.md	no	yes	P1	missing_mermaid
iOS	05-maestria	Propósito y Alcance	05-maestria/10-rubrica-final/01-rubrica-empleabilidad-ios.md	no	no	P0	missing_mermaid_and_snippet
iOS	05-maestria	Evidencias obligatorias iOS (cierre defendible)	05-maestria/10-rubrica-final/02-evidencias-obligatorias-ios.md	no	no	P0	missing_mermaid_and_snippet
iOS	05-maestria	Checklist de entrega para entrevista (1 página)	05-maestria/10-rubrica-final/03-checklist-entrega-para-entrevista.md	no	no	P0	missing_mermaid_and_snippet
iOS	05-maestria	11. Cómo Hablar de Arquitectura en una Entrevista	05-maestria/11-entrevista-arquitecto.md	no	no	P0	missing_mermaid_and_snippet
iOS	05-maestria	12. Arquitectura Adaptativa: Más Allá del Patrón	05-maestria/12-arquitectura-adaptativa.md	no	yes	P1	missing_mermaid
iOS	05-maestria	Entregables Etapa 5 — Maestría	05-maestria/entregables-etapa-5.md	yes	yes	P2	ok
Android	00-core-mobile	Core Mobile Architecture	00-core-mobile/00-introduccion.md	no	no	P0	missing_mermaid_and_snippet
Android	00-core-mobile	Marco de decisiones arquitectónicas	00-core-mobile/01-marco-de-decisiones.md	no	no	P0	missing_mermaid_and_snippet
Android	00-core-mobile	Invariantes y contratos	00-core-mobile/02-invariantes-y-contratos.md	no	no	P0	missing_mermaid_and_snippet
Android	00-core-mobile	Variabilidad y evolución sin caos	00-core-mobile/03-variabilidad-y-evolucion.md	no	no	P0	missing_mermaid_and_snippet
Android	00-core-mobile	Calidad PR-ready	00-core-mobile/04-calidad-pr-ready.md	no	no	P0	missing_mermaid_and_snippet
Android	00-core-mobile	Observabilidad y operación	00-core-mobile/05-observabilidad-operacion.md	no	no	P0	missing_mermaid_and_snippet
Android	00-core-mobile	Release, rollback y feature flags	00-core-mobile/06-release-rollback-flags.md	no	no	P0	missing_mermaid_and_snippet
Android	00-core-mobile	APIs, contratos y versionado	00-core-mobile/07-apis-contratos-versionado.md	no	no	P0	missing_mermaid_and_snippet
Android	00-core-mobile	Seguridad, privacidad y threat modeling	00-core-mobile/08-seguridad-privacidad-threat-modeling.md	no	no	P0	missing_mermaid_and_snippet
Android	00-core-mobile	Dependency governance y supply chain	00-core-mobile/09-dependency-governance-supply-chain.md	no	no	P0	missing_mermaid_and_snippet
Android	00-core-mobile	Plantillas operativas (copy/paste)	00-core-mobile/10-plantillas.md	no	no	P0	missing_mermaid_and_snippet
Android	00-core-mobile	Crosswalk iOS ↔ Android	00-core-mobile/11-crosswalk-ios-android.md	no	no	P0	missing_mermaid_and_snippet
Android	00-core-mobile	1) Purpose of This Document	00-core-mobile/12-mobile-architect-parity-ios-android.md	no	no	P0	missing_mermaid_and_snippet
Android	00-core-mobile	Changelog	00-core-mobile/CHANGELOG.md	no	no	P0	missing_mermaid_and_snippet
Android	00-nivel-cero	Nivel Cero · Introducción	00-nivel-cero/00-introduccion.md	no	yes	P1	missing_mermaid
Android	00-nivel-cero	Nivel Cero · Setup	00-nivel-cero/00-setup.md	no	no	P0	missing_mermaid_and_snippet
Android	00-nivel-cero	Nivel Cero · 01 · Qué es software	00-nivel-cero/01-que-es-software.md	no	no	P0	missing_mermaid_and_snippet
Android	00-nivel-cero	Nivel Cero · 02 · Lógica básica	00-nivel-cero/02-logica-basica.md	no	yes	P1	missing_mermaid
Android	00-nivel-cero	Nivel Cero · 03 · Primer Kotlin	00-nivel-cero/03-primer-kotlin.md	no	yes	P1	missing_mermaid
Android	00-nivel-cero	Nivel Cero · 04 · Variables y tipos	00-nivel-cero/04-variables-y-tipos.md	no	yes	P1	missing_mermaid
Android	00-nivel-cero	Nivel Cero · 05 · Condicionales y bucles	00-nivel-cero/05-condicionales-y-bucles.md	no	yes	P1	missing_mermaid
Android	00-nivel-cero	Nivel Cero · 06 · Funciones	00-nivel-cero/06-funciones.md	no	yes	P1	missing_mermaid
Android	00-nivel-cero	Nivel Cero · 07 · Errores frecuentes	00-nivel-cero/07-errores-frecuentes.md	no	yes	P1	missing_mermaid
Android	00-nivel-cero	Nivel Cero · 08 · Android Studio desde cero	00-nivel-cero/08-android-studio-desde-cero.md	no	no	P0	missing_mermaid_and_snippet
Android	00-nivel-cero	Nivel Cero · 09 · Primera app con Compose	00-nivel-cero/09-primera-app-compose.md	no	yes	P1	missing_mermaid
Android	00-nivel-cero	Nivel Cero · 10 · Inputs y validación	00-nivel-cero/10-inputs-y-validacion.md	no	yes	P1	missing_mermaid
Android	00-nivel-cero	Nivel Cero · 11 · Navegación simple	00-nivel-cero/11-navegacion-simple.md	no	yes	P1	missing_mermaid
Android	00-nivel-cero	Nivel Cero · 12 · Proyecto integrador: Rutina Diaria	00-nivel-cero/12-proyecto-rutina-diaria.md	no	no	P0	missing_mermaid_and_snippet
Android	00-nivel-cero	Entregables de Nivel Cero	00-nivel-cero/entregables-nivel-cero.md	no	no	P0	missing_mermaid_and_snippet
Android	01-junior	Nivel Junior · 00 · De Nivel Cero a desarrollo Android real	01-junior/00-introduccion.md	no	no	P0	missing_mermaid_and_snippet
Android	01-junior	Nivel Junior · 00-setup · Entorno profesional Android paso a paso	01-junior/00-setup-junior.md	no	no	P0	missing_mermaid_and_snippet
Android	01-junior	Nivel Junior · 01 · Arquitectura Android recomendada sin complicarte la vida	01-junior/01-arquitectura-android-recomendada.md	no	yes	P1	missing_mermaid
Android	01-junior	Nivel Junior · 02 · Primera feature profesional: estado, eventos, ViewModel y repositorio	01-junior/02-feature-base-practica.md	no	yes	P1	missing_mermaid
Android	01-junior	Nivel Junior · 03 · Navegación moderna con Navigation Compose (explicada sin saltos)	01-junior/03-navegacion-moderna-navigation-compose.md	yes	yes	P2	ok
Android	01-junior	Nivel Junior · 04 · Hilt desde cero, sin magia y con contexto real	01-junior/04-hilt-integracion-inicial.md	yes	yes	P2	ok
Android	01-junior	Nivel Junior · 05 · Room offline-first explicado desde la base	01-junior/05-room-offline-first.md	yes	yes	P2	ok
Android	01-junior	Nivel Junior · 06 · DataStore explicado de verdad: preferencias y estado ligero	01-junior/06-datastore-estado-ligero.md	yes	yes	P2	ok
Android	01-junior	Nivel Junior · 07 · WorkManager explicado sin lagunas: tareas persistentes en segundo plano	01-junior/07-workmanager-tareas-persistentes.md	yes	yes	P2	ok
Android	01-junior	Nivel Junior · 08 · Compose UI Testing sin atajos: prueba lo que ve el usuario	01-junior/08-compose-ui-testing.md	yes	yes	P2	ok
Android	01-junior	Nivel Junior · 09 · Pruebas unitarias de ViewModel y repositorio explicadas paso a paso	01-junior/09-pruebas-unitarias-viewmodel-repositorio.md	yes	yes	P2	ok
Android	01-junior	Entregables de Nivel Junior	01-junior/entregables-nivel-junior.md	no	no	P0	missing_mermaid_and_snippet
Android	02-midlevel	Nivel Midlevel · 00 · Qué cambia desde Junior y por qué	02-midlevel/00-introduccion.md	no	no	P0	missing_mermaid_and_snippet
Android	02-midlevel	Nivel Midlevel · 01 · Capa de red robusta con Retrofit y OkHttp, guiada paso a paso	02-midlevel/01-red-robusta-retrofit-okhttp.md	yes	yes	P2	ok
Android	02-midlevel	Nivel Midlevel · 02 · Offline-first y sincronización local/remoto, paso a paso	02-midlevel/02-offline-first-sincronizacion.md	yes	yes	P2	ok
Android	02-midlevel	Nivel Midlevel · 03 · Consistencia y resolución de conflictos sin perder datos	02-midlevel/03-consistencia-y-resolucion-de-conflictos.md	yes	yes	P2	ok
Android	02-midlevel	Nivel Midlevel · 04 · Observabilidad y diagnóstico en Android, sin adivinar errores	02-midlevel/04-observabilidad-y-diagnostico.md	no	yes	P1	missing_mermaid
Android	02-midlevel	Nivel Midlevel · 05 · Pruebas de integración para offline-first y sincronización real	02-midlevel/05-pruebas-de-integracion-offline-sync.md	no	yes	P1	missing_mermaid
Android	02-midlevel	Nivel Midlevel · 06 · Quality Gates en CI para proteger offline-sync en cada PR	02-midlevel/06-quality-gates-ci-offline-sync.md	no	yes	P1	missing_mermaid
Android	02-midlevel	Nivel Midlevel · 07 · Rendimiento en CI con Macrobenchmark y Baseline Profiles	02-midlevel/07-performance-ci-macrobenchmark-baselineprofiles.md	no	yes	P1	missing_mermaid
Android	02-midlevel	Nivel Midlevel · 08 · Observabilidad en producción: métricas y alertas que te avisan antes del usuario	02-midlevel/08-observabilidad-produccion-metricas-alertas.md	no	yes	P1	missing_mermaid
Android	02-midlevel	Nivel Midlevel · 09 · Decidir qué tocar primero usando métricas reales	02-midlevel/09-decisiones-evolutivas-con-metricas.md	no	yes	P1	missing_mermaid
Android	02-midlevel	Nivel Midlevel · 10 · Gobernanza de dependencias entre features sin romper la arquitectura	02-midlevel/10-gobernanza-dependencias-entre-features.md	no	yes	P1	missing_mermaid
Android	02-midlevel	Nivel Midlevel · 11 · Versionado de contratos internos sin romper a otros equipos	02-midlevel/11-versionado-contratos-internos.md	no	yes	P1	missing_mermaid
Android	02-midlevel	Nivel Midlevel · 12 · Evolución de navegación y deep links sin romper rutas existentes	02-midlevel/12-evolucion-navegacion-y-deeplinks-compatibles.md	no	yes	P1	missing_mermaid
Android	02-midlevel	Entregables de Nivel Midlevel	02-midlevel/entregables-nivel-midlevel.md	no	yes	P1	missing_mermaid
Android	03-senior	Nivel Senior · 00 · Introducción: de construir features a operar producto real	03-senior/00-introduccion.md	no	no	P0	missing_mermaid_and_snippet
Android	03-senior	Nivel Senior · 01 · Release strategy y rollback seguro en Android	03-senior/01-release-strategy-y-rollback-seguro.md	no	yes	P1	missing_mermaid
Android	03-senior	Nivel Senior · 02 · Incident response y runbooks operativos en Android	03-senior/02-incident-response-y-runbooks-operativos.md	no	yes	P1	missing_mermaid
Android	03-senior	Nivel Senior · 03 · SLOs, error budgets y priorización real de fiabilidad en Android	03-senior/03-slos-error-budgets-priorizacion-fiabilidad.md	no	yes	P1	missing_mermaid
Android	03-senior	Nivel Senior · 04 · Tablero operativo de fiabilidad y alertas que sí ayudan	03-senior/04-tablero-operativo-fiabilidad-y-alertas-accionables.md	no	yes	P1	missing_mermaid
Android	03-senior	Nivel Senior · 05 · Gobernanza técnica de sprint: decidir con evidencia cuando roadmap y fiabilidad chocan	03-senior/05-gobernanza-tecnica-de-sprint-fiabilidad-vs-roadmap.md	no	yes	P1	missing_mermaid
Android	03-senior	Nivel Senior · 06 · Simulación completa de sprint bajo presión: cómo decidir sin improvisar	03-senior/06-simulacion-sprint-bajo-presion-roadmap-y-fiabilidad.md	no	yes	P1	missing_mermaid
Android	03-senior	Nivel Senior · 07 · Cierre de Senior: consolidar capacidades antes de escalar a Maestría	03-senior/07-cierre-del-bloque-senior-y-transicion-a-maestria.md	no	yes	P1	missing_mermaid
Android	04-maestria	Nivel Maestría · 00 · Introducción: escalar sin perder claridad	04-maestria/00-introduccion.md	no	no	P0	missing_mermaid_and_snippet
Android	04-maestria	Nivel Maestría · 01 · Contratos evolutivos entre dominios Android	04-maestria/01-contratos-evolutivos-entre-dominios.md	no	yes	P1	missing_mermaid
Android	04-maestria	Nivel Maestría · 02 · Bounded Contexts y ownership técnico en Android real	04-maestria/02-bounded-contexts-y-ownership-tecnico.md	no	yes	P1	missing_mermaid
Android	04-maestria	Nivel Maestría · 03 · Mapa de dependencias y acoplamiento circular en Android	04-maestria/03-mapa-de-dependencias-y-acoplamiento-circular.md	no	yes	P1	missing_mermaid
Android	04-maestria	Nivel Maestría · 04 · Migraciones transversales sin bloqueo en Android	04-maestria/04-migraciones-transversales-sin-bloqueo.md	no	yes	P1	missing_mermaid
Android	04-maestria	Nivel Maestría · 05 · Coordinación de release, rollback y comunicación técnica en migraciones Android	04-maestria/05-coordinacion-release-rollback-y-comunicacion-tecnica.md	no	yes	P1	missing_mermaid
Android	04-maestria	Nivel Maestría · 06 · Evolución multi‑equipo y gobernanza trimestral en Android	04-maestria/06-evolucion-multi-equipo-y-gobernanza-trimestral.md	no	yes	P1	missing_mermaid
Android	04-maestria	Nivel Maestría · 07 · Defensa técnica del proyecto Android	04-maestria/07-defensa-tecnica-del-proyecto-android.md	no	yes	P1	missing_mermaid
Android	04-maestria	Nivel Maestría · 08 · Cierre del proyecto final y publicación en Play Store	04-maestria/08-cierre-proyecto-final-y-publicacion-play-store.md	no	yes	P1	missing_mermaid
Android	04-maestria	Nivel Maestría · 09 · Rúbrica final y entrevista técnica Android	04-maestria/09-rubrica-final-y-entrevista-tecnica-android.md	no	yes	P1	missing_mermaid
Android	04-maestria	Nivel Maestría · 10 · Plan de 90 días después del curso	04-maestria/10-plan-de-90-dias-despues-del-curso.md	no	yes	P1	missing_mermaid
Android	04-maestria	Nivel Maestría · 11 · Epílogo profesional y siguientes retos	04-maestria/11-epilogo-profesional-y-siguientes-retos.md	no	yes	P1	missing_mermaid
Android	04-maestria	Nivel Maestría · 12 · Casos reales y antipatrones de equipos Android	04-maestria/12-casos-reales-y-antipatrones-de-equipos-android.md	no	yes	P1	missing_mermaid
Android	04-maestria	Nivel Maestría · 13 · Operación a largo plazo y deuda técnica en Android	04-maestria/13-operacion-largo-plazo-y-deuda-tecnica.md	no	yes	P1	missing_mermaid
Android	04-maestria	Nivel Maestría · 14 · Tu primer año en un equipo Android real	04-maestria/14-primer-ano-en-equipo-android-real.md	no	yes	P1	missing_mermaid
Android	04-maestria	Nivel Maestría · 15 · Mapa de carrera Android: de junior a senior con criterio	04-maestria/15-mapa-de-carrera-android-de-junior-a-senior.md	no	yes	P1	missing_mermaid
Android	04-maestria	Nivel Maestría · 16 · Cierre definitivo del recorrido Android	04-maestria/16-cierre-definitivo-del-recorrido-android.md	no	yes	P1	missing_mermaid
Android	05-proyecto-final	Proyecto final integrador · RuralGO FieldOps	05-proyecto-final/00-brief-ruralgo-fieldops.md	no	yes	P1	missing_mermaid
Android	05-proyecto-final	Brief del proyecto final	05-proyecto-final/00-brief.md	no	no	P0	missing_mermaid_and_snippet
Android	05-proyecto-final	Rúbrica de empleabilidad técnica · Proyecto final	05-proyecto-final/01-rubrica-empleabilidad.md	no	yes	P1	missing_mermaid
Android	05-proyecto-final	Evidencias obligatorias de aprendizaje y calidad	05-proyecto-final/02-evidencias-obligatorias.md	no	yes	P1	missing_mermaid
Android	05-proyecto-final	Operación Senior del proyecto final	05-proyecto-final/03-operacion-senior.md	no	yes	P1	missing_mermaid
Android	05-proyecto-final	Gobernanza Maestría del proyecto final	05-proyecto-final/04-gobernanza-maestria.md	no	yes	P1	missing_mermaid
SDD	00-preparacion	Semana 0 · Bienvenida: qué vas a aprender realmente en SDD + IA	00-preparacion/00-bienvenida-y-como-estudiar.md	yes	yes	P2	ok
SDD	00-preparacion	Semana 0 · Setup macOS y Xcode para ejecutar el flujo sin bloqueos	00-preparacion/01-setup-macos-xcode.md	yes	yes	P2	ok
SDD	00-preparacion	Semana 0 · Terminal básica para no perderte en el repositorio	00-preparacion/02-terminal-basica.md	yes	yes	P2	ok
SDD	00-preparacion	Semana 0 · Git desde cero aplicado al ciclo de ticket	00-preparacion/03-git-desde-cero.md	yes	yes	P2	ok
SDD	00-preparacion	Semana 0 · Swift básico para entender contratos de dominio	00-preparacion/04-swift-basico-para-sdd.md	yes	yes	P2	ok
SDD	00-preparacion	Semana 0 · SPM y primer test para arrancar con red de seguridad	00-preparacion/05-spm-y-primer-test.md	yes	yes	P2	ok
SDD	00-preparacion	Semana 0 · Checkpoint de preparación antes de entrar en Semana 1	00-preparacion/06-checkpoint-preparacion.md	yes	yes	P2	ok
SDD	00-preparacion	Semana 0 · Prompt Engineering core para trabajar SDD con precisión y sin ruido	00-preparacion/07-prompt-engineering-core.md	yes	yes	P2	ok
SDD	00-preparacion	Semana 0 · Copiloto operativo: CLI, IDE y extensión sin cambiar el método SDD	00-preparacion/08-copiloto-operativo-cli-ide-extension.md	yes	yes	P2	ok
SDD	00-preparacion	Semana 0 · Context Engineering: receta operativa para resultados consistentes con IA	00-preparacion/09-context-engineering-receta.md	yes	yes	P2	ok
SDD	00-preparacion	Semana 0 · Context pack por ticket y formato de salida para ejecutar sin fricción	00-preparacion/10-context-pack-y-formato-de-salida.md	yes	yes	P2	ok
SDD	00-preparacion	Semana 0 · Checkpoint final de Context Engineering antes de Semana 1	00-preparacion/11-checkpoint-context-engineering.md	yes	yes	P2	ok
SDD	01-roadmap	Mapa maestro de 16 semanas: SDD enterprise de 0 a 100	01-roadmap/00-mapa-16-semanas.md	yes	yes	P2	ok
SDD	02-semana-01	Semana 1: así arranca un ticket enterprise de verdad	02-semana-01/00-semana-01-introduccion.md	yes	yes	P2	ok
SDD	02-semana-01	Semana 1 · Lección 1: de un dolor difuso a un problema accionable	02-semana-01/01-problema-negocio.md	yes	yes	P2	ok
SDD	02-semana-01	Semana 1 · Lección 2: OpenSpec como contrato, no como documento decorativo	02-semana-01/02-spec-inicial.md	yes	yes	P2	ok
SDD	02-semana-01	Semana 1 · Lección 3: BDD como puente entre negocio y código	02-semana-01/03-bdd-escenarios.md	yes	yes	P2	ok
SDD	02-semana-01	Semana 1 · Lección 4: TDD para convertir escenarios en comportamiento confiable	02-semana-01/04-tdd-primer-ciclo.md	yes	yes	P2	ok
SDD	02-semana-01	Semana 1 · Lección 5: pasar de pruebas verdes a producción defendible	02-semana-01/05-codigo-produccion.md	yes	yes	P2	ok
SDD	02-semana-01	Semana 1 · Lección 6: refactor sin romper confianza	02-semana-01/06-refactor-evidencia.md	yes	yes	P2	ok
SDD	02-semana-01	Semana 1 · Lección 7: cerrar con criterio, no con sensación	02-semana-01/07-checkpoint-evaluacion.md	yes	yes	P2	ok
SDD	02-semana-01	Semana 1 · Lección 8: bitácora auditable para cerrar el ticket de verdad	02-semana-01/08-bitacora-commits.md	yes	yes	P2	ok
SDD	03-semana-02	Semana 2: cuando un ticket deja de ser un dato y se convierte en un proceso gobernado	03-semana-02/00-semana-02-roadmap.md	yes	yes	P2	ok
SDD	03-semana-02	Semana 2 · Lección 1: el problema real no es "cambiar estado", es gobernar una historia de trabajo	03-semana-02/01-problema-lifecycle.md	yes	yes	P2	ok
SDD	03-semana-02	Semana 2 · Lección 2: llevar el problema a OpenSpec para que el equipo deje de discutir opiniones	03-semana-02/02-spec-lifecycle-v1.md	yes	yes	P2	ok
SDD	03-semana-02	Semana 2 · Lección 3: BDD del lifecycle para que todos evalúen lo mismo sin abrir Xcode	03-semana-02/03-bdd-lifecycle.md	yes	yes	P2	ok
SDD	03-semana-02	Semana 2 · Lección 4: TDD de lifecycle para que una regresión se detecte en segundos	03-semana-02/04-tdd-lifecycle.md	yes	yes	P2	ok
SDD	03-semana-02	Semana 2 · Lección 5: código de producción del lifecycle con arquitectura limpia	03-semana-02/05-codigo-lifecycle.md	yes	yes	P2	ok
SDD	03-semana-02	Semana 2 · Lección 6: refactor con trazabilidad para que el cambio no dependa de tu memoria	03-semana-02/06-refactor-trazabilidad.md	yes	yes	P2	ok
SDD	03-semana-02	Semana 2 · Lección 7: checkpoint de cierre para decidir con criterio, no con sensación	03-semana-02/07-checkpoint-evaluacion.md	yes	yes	P2	ok
SDD	03-semana-02	Semana 2 · Lección 8: bitácora de commits para que el repositorio explique el cambio sin reuniones extra	03-semana-02/08-bitacora-commits.md	yes	yes	P2	ok
SDD	04-semana-03	Semana 3: cuando el contrato deja de ser invisible y se vuelve experiencia en pantalla	04-semana-03/00-semana-03-roadmap.md	yes	yes	P2	ok
SDD	04-semana-03	Semana 3 · Lección 1: el problema no es pintar una pantalla, es cablear responsabilidades sin fugas	04-semana-03/01-problema-swiftui-wiring.md	yes	yes	P2	ok
SDD	04-semana-03	Semana 3 · Lección 2: fijar el contrato de interfaz antes de tocar implementación	04-semana-03/02-spec-swiftui-shell-v1.md	yes	yes	P2	ok
SDD	04-semana-03	Semana 3 · Lección 3: BDD para describir experiencia observable sin filtrar detalles internos	04-semana-03/03-bdd-swiftui-shell.md	yes	yes	P2	ok
SDD	04-semana-03	Semana 3 · Lección 4: TDD del ViewModel para blindar el cableado entre intención de UI y reglas de negocio	04-semana-03/04-tdd-viewmodel-wiring.md	yes	yes	P2	ok
SDD	04-semana-03	Semana 3 · Lección 5: producción de shell SwiftUI alineada con contrato, pruebas y fronteras de arquitectura	04-semana-03/05-codigo-swiftui-shell.md	yes	yes	P2	ok
SDD	04-semana-03	Semana 3 · Lección 6: refactor del composition root para que el crecimiento no destruya el diseño	04-semana-03/06-refactor-composition-root.md	yes	yes	P2	ok
SDD	04-semana-03	Semana 3 · Lección 7: checkpoint de cierre para decidir con evidencia si la semana está realmente terminada	04-semana-03/07-checkpoint-evaluacion.md	yes	yes	P2	ok
SDD	04-semana-03	Semana 3 · Lección 8: bitácora de commits para cerrar Week 3 con historia técnica defendible	04-semana-03/08-bitacora-commits.md	yes	yes	P2	ok
SDD	05-semana-04	Semana 4: cuando tu sistema empieza a hablar con otros equipos y cada palabra importa	05-semana-04/00-semana-04-roadmap.md	yes	yes	P2	ok
SDD	05-semana-04	Semana 4 · Lección 1: el problema no es "tener API", es garantizar que todos entiendan lo mismo	05-semana-04/01-problema-contrato-api.md	yes	yes	P2	ok
SDD	05-semana-04	Semana 4 · Lección 2: escribir la spec v1 antes de codificar para proteger evolución	05-semana-04/02-spec-contrato-api-v1.md	yes	yes	P2	ok
SDD	05-semana-04	Semana 4 · Lección 3: BDD de contrato para que el acuerdo sea ejecutable por todos	05-semana-04/03-bdd-contrato-api.md	yes	yes	P2	ok
SDD	05-semana-04	Semana 4 · Lección 4: TDD de contrato para detectar una ruptura antes de que llegue a integración real	05-semana-04/04-tdd-contract-tests.md	yes	yes	P2	ok
SDD	05-semana-04	Semana 4 · Lección 5: implementar el contrato v1 sin contaminar el dominio	05-semana-04/05-codigo-contrato-openapi.md	yes	yes	P2	ok
SDD	05-semana-04	Semana 4 · Lección 6: refactorizar el boundary para que la semántica no se degrade con el tiempo	05-semana-04/06-refactor-boundary-contrato.md	yes	yes	P2	ok
SDD	05-semana-04	Semana 4 · Lección 7: checkpoint de cierre para declarar API v1 lista con evidencia verificable	05-semana-04/07-checkpoint-evaluacion.md	yes	yes	P2	ok
SDD	05-semana-04	Semana 4 · Lección 8: bitácora de commits para que el cierre sea reconstruible dentro de seis meses	05-semana-04/08-bitacora-commits.md	yes	yes	P2	ok
SDD	06-semana-05	Semana 5: persistencia local de verdad sin sacrificar arquitectura ni capacidad de cambio	06-semana-05/00-semana-05-roadmap.md	yes	yes	P2	ok
SDD	06-semana-05	Semana 5 · Lección 1: el problema de fondo no es guardar datos, es dónde colocas esa responsabilidad	06-semana-05/01-problema-persistencia-local.md	yes	yes	P2	ok
SDD	06-semana-05	Semana 5 · Lección 2: convertir persistencia local en contrato de comportamiento con OpenSpec	06-semana-05/02-spec-persistencia-local-v1.md	yes	yes	P2	ok
SDD	06-semana-05	Semana 5 · Lección 3: traducir la spec a escenarios BDD que prueben durabilidad real y no ilusión de memoria	06-semana-05/03-bdd-persistencia-local.md	yes	yes	P2	ok
SDD	06-semana-05	Semana 5 · Lección 4: TDD del adaptador local para demostrar durabilidad bajo condiciones reales	06-semana-05/04-tdd-adaptador-local.md	yes	yes	P2	ok
SDD	06-semana-05	Semana 5 · Lección 5: implementar el adaptador local con puerto estable y frontera limpia	06-semana-05/05-codigo-adaptador-local.md	yes	yes	P2	ok
SDD	06-semana-05	Semana 5 · Lección 6: refactor del puerto adaptador para que la persistencia siga siendo mantenible	06-semana-05/06-refactor-puerto-adaptador.md	yes	yes	P2	ok
SDD	06-semana-05	Semana 5 · Lección 7: checkpoint de cierre con evidencia de durabilidad y frontera arquitectónica	06-semana-05/07-checkpoint-evaluacion.md	yes	yes	P2	ok
SDD	06-semana-05	Semana 5 · Lección 8: bitácora de commits para dejar persistencia local trazable y defendible	06-semana-05/08-bitacora-commits.md	yes	yes	P2	ok
SDD	07-semana-06	Semana 6: diseñar un sistema que siga siendo útil cuando internet no coopera	07-semana-06/00-semana-06-roadmap.md	yes	yes	P2	ok
SDD	07-semana-06	Semana 6 · Lección 1: el problema no es tener cache, el problema es no decidir quién manda en cada contexto	07-semana-06/01-problema-offline-cache.md	yes	yes	P2	ok
SDD	07-semana-06	Semana 6 · Lección 2: especificar la política offline-first para que no dependa de intuiciones locales	07-semana-06/02-spec-offline-cache-v1.md	yes	yes	P2	ok
SDD	07-semana-06	Semana 6 · Lección 3: BDD de offline-first para que todo el equipo valide la misma política	07-semana-06/03-bdd-offline-cache.md	yes	yes	P2	ok
SDD	07-semana-06	Semana 6 · Lección 4: TDD del repositorio offline-first para blindar coordinación entre fuentes	07-semana-06/04-tdd-offline-first-repository.md	yes	yes	P2	ok
SDD	07-semana-06	Semana 6 · Lección 5: implementación de `OfflineFirstTicketRepository` sin romper casos de uso	07-semana-06/05-codigo-offline-first-repository.md	yes	yes	P2	ok
SDD	07-semana-06	Semana 6 · Lección 6: refactor de sincronización para que la política offline-first siga siendo mantenible	07-semana-06/06-refactor-sync-policy.md	yes	yes	P2	ok
SDD	07-semana-06	Semana 6 · Lección 7: checkpoint de resiliencia para cerrar offline-first con evidencia real	07-semana-06/07-checkpoint-evaluacion.md	yes	yes	P2	ok
SDD	07-semana-06	Semana 6 · Lección 8: bitácora de commits para que la política offline-first pueda reconstruirse sin ambigüedad	07-semana-06/08-bitacora-commits.md	yes	yes	P2	ok
SDD	08-semana-07	Semana 7: aprender a operar el sistema cuando algo falla, no solo a construirlo cuando todo va bien	08-semana-07/00-semana-07-roadmap.md	yes	yes	P2	ok
SDD	08-semana-07	Semana 7 · Lección 1: el mayor coste de una incidencia no es el fallo inicial, es no poder explicarlo rápido	08-semana-07/01-problema-observabilidad.md	yes	yes	P2	ok
SDD	08-semana-07	Semana 7 · Lección 2: especificar observabilidad en OpenSpec para que operar no dependa de memoria oral	08-semana-07/02-spec-observabilidad-baseline.md	yes	yes	P2	ok
SDD	08-semana-07	Semana 7 · Lección 3: BDD de observabilidad para que desarrollo y operación lean la misma realidad	08-semana-07/03-bdd-observabilidad.md	yes	yes	P2	ok
SDD	08-semana-07	Semana 7 · Lección 4: TDD de observabilidad para evitar quedar ciego cuando el sistema falle	08-semana-07/04-tdd-observed-repository.md	yes	yes	P2	ok
SDD	08-semana-07	Semana 7 · Lección 5: código de `ObservedTicketRepository` para ganar visibilidad sin contaminar dominio	08-semana-07/05-codigo-observed-repository.md	yes	yes	P2	ok
SDD	08-semana-07	Semana 7 · Lección 6: refactor de convención de eventos para que la observabilidad no se degrade con el tiempo	08-semana-07/06-refactor-convencion-eventos.md	yes	yes	P2	ok
SDD	08-semana-07	Semana 7 · Lección 7: checkpoint de observabilidad para demostrar utilidad operativa real	08-semana-07/07-checkpoint-evaluacion.md	yes	yes	P2	ok
SDD	08-semana-07	Semana 7 · Lección 8: bitácora de commits para preservar contexto operativo y acelerar mentoring	08-semana-07/08-bitacora-commits.md	yes	yes	P2	ok
SDD	09-semana-08	Semana 8: convertir calidad en una decisión técnica reproducible y no en una discusión subjetiva	09-semana-08/00-semana-08-roadmap.md	yes	yes	P2	ok
SDD	09-semana-08	Semana 8 · Lección 1: el problema real de calidad cuando no existe un árbitro técnico común	09-semana-08/01-problema-quality-gates.md	yes	yes	P2	ok
SDD	09-semana-08	Semana 8 · Lección 2: escribir la spec de quality gates para que la decisión de release sea determinista	09-semana-08/02-spec-quality-gates-v1.md	yes	yes	P2	ok
SDD	09-semana-08	Semana 8 · Lección 3: BDD de quality gates para alinear a todo el equipo en la misma definición de "pasa" y "bloquea"	09-semana-08/03-bdd-quality-gates.md	yes	yes	P2	ok
SDD	09-semana-08	Semana 8 · Lección 4: TDD del evaluador para blindar la decisión de release con reglas estables	09-semana-08/04-tdd-quality-gate-evaluator.md	yes	yes	P2	ok
SDD	09-semana-08	Semana 8 · Lección 5: código de la CLI para convertir policy en una decisión ejecutable por pipeline	09-semana-08/05-codigo-quality-gates-cli.md	yes	yes	P2	ok
SDD	09-semana-08	Semana 8 · Lección 6: refactor de umbrales para evolucionar la calidad sin romper coherencia	09-semana-08/06-refactor-policy-thresholds.md	yes	yes	P2	ok
SDD	09-semana-08	Semana 8 · Lección 7: checkpoint de quality gates para cerrar con decisión técnica reproducible	09-semana-08/07-checkpoint-evaluacion.md	yes	yes	P2	ok
SDD	09-semana-08	Semana 8 · Lección 8: bitácora de commits para sostener quality gates cuando cambie el equipo y el contexto	09-semana-08/08-bitacora-commits.md	yes	yes	P2	ok
SDD	10-semana-09	Semana 9: seguridad y compliance como diseño explícito de frontera, no como parche de última hora	10-semana-09/00-semana-09-roadmap.md	yes	yes	P2	ok
SDD	10-semana-09	Semana 9 · Lección 1: el incidente de compliance que nace en telemetría, no en la lógica principal	10-semana-09/01-problema-seguridad-compliance.md	yes	yes	P2	ok
SDD	10-semana-09	Semana 9 · Lección 2: especificar compliance de telemetría en OpenSpec para que sea ejecutable y auditable	10-semana-09/02-spec-seguridad-compliance-v1.md	yes	yes	P2	ok
SDD	10-semana-09	Semana 9 · Lección 3: BDD de seguridad y compliance para alinear significado entre roles	10-semana-09/03-bdd-seguridad-compliance.md	yes	yes	P2	ok
SDD	10-semana-09	Semana 9 · Lección 4: TDD de seguridad para que una regresión invisible no llegue a producción	10-semana-09/04-tdd-telemetry-security-policy.md	yes	yes	P2	ok
SDD	10-semana-09	Semana 9 · Lección 5: llevar compliance a producción con una frontera única y verificable	10-semana-09/05-codigo-security-compliant-sink.md	yes	yes	P2	ok
SDD	10-semana-09	Semana 9 · Lección 6: refactor de clasificación para escalar compliance sin crear deuda silenciosa	10-semana-09/06-refactor-data-classification.md	yes	yes	P2	ok
SDD	10-semana-09	Semana 9 · Lección 7: checkpoint de cierre para demostrar compliance con evidencia reproducible	10-semana-09/07-checkpoint-evaluacion.md	yes	yes	P2	ok
SDD	10-semana-09	Semana 9 · Lección 8: bitácora de commits para que compliance siga siendo defendible dentro de seis meses	10-semana-09/08-bitacora-commits.md	yes	yes	P2	ok
SDD	11-semana-10	Semana 10: validar que la arquitectura escala cuando aparece una segunda feature real	11-semana-10/00-semana-10-roadmap.md	yes	yes	P2	ok
SDD	11-semana-10	Semana 10 · Lección 1: por qué resolver tickets no alcanza si el conocimiento no se convierte en capacidad del sistema	11-semana-10/01-problema-feature-catalogo.md	yes	yes	P2	ok
SDD	11-semana-10	Semana 10 · Lección 2: definir catálogo v1 en OpenSpec para construir con foco y sin ambigüedad	11-semana-10/02-spec-catalogo-v1.md	yes	yes	P2	ok
SDD	11-semana-10	Semana 10 · Lección 3: BDD del catálogo para convertir una idea de producto en contrato compartido	11-semana-10/03-bdd-catalogo.md	yes	yes	P2	ok
SDD	11-semana-10	Semana 10 · Lección 4: TDD de dominio y aplicación para que el catálogo nazca estable	11-semana-10/04-tdd-catalogo-domain-application.md	yes	yes	P2	ok
SDD	11-semana-10	Semana 10 · Lección 5: implementación del catálogo con repositorio en memoria sin romper arquitectura	11-semana-10/05-codigo-catalogo-memory-repository.md	yes	yes	P2	ok
SDD	11-semana-10	Semana 10 · Lección 6: refactor de fronteras para que dos features convivan sin contaminarse	11-semana-10/06-refactor-boundary-catalogo.md	yes	yes	P2	ok
SDD	11-semana-10	Semana 10 · Lección 7: checkpoint de expansión para cerrar crecimiento sin romper estabilidad	11-semana-10/07-checkpoint-evaluacion.md	yes	yes	P2	ok
SDD	11-semana-10	Semana 10 · Lección 8: bitácora de commits para que la expansión quede explicada y defendible	11-semana-10/08-bitacora-commits.md	yes	yes	P2	ok
SDD	12-semana-11	Semana 11: integrar features sin convertir la app en una red de atajos difíciles de mantener	12-semana-11/00-semana-11-roadmap.md	yes	yes	P2	ok
SDD	12-semana-11	Semana 11 · Lección 1: por qué una navegación que "funciona" puede seguir siendo mala arquitectura	12-semana-11/01-problema-integracion-features.md	yes	yes	P2	ok
SDD	12-semana-11	Semana 11 · Lección 2: especificar la integración entre features para que el desacoplamiento no dependa de memoria	12-semana-11/02-spec-integracion-v1.md	yes	yes	P2	ok
SDD	12-semana-11	Semana 11 · Lección 3: BDD de integración para validar conversaciones entre componentes, no suposiciones	12-semana-11/03-bdd-integracion-features.md	yes	yes	P2	ok
SDD	12-semana-11	Semana 11 · Lección 4: TDD de router y coordinador para blindar el contrato de navegación	12-semana-11/04-tdd-router-coordinator.md	yes	yes	P2	ok
SDD	12-semana-11	Semana 11 · Lección 5: código de shell raíz con navegación gobernada y propiedad explícita de estado	12-semana-11/05-codigo-root-shell-navigation.md	yes	yes	P2	ok
SDD	12-semana-11	Semana 11 · Lección 6: refactor de wiring para escalar features sin crecer en caos de ensamblado	12-semana-11/06-refactor-wiring-entre-features.md	yes	yes	P2	ok
SDD	12-semana-11	Semana 11 · Lección 7: checkpoint de integración para cerrar con garantías de arquitectura y no solo de UI	12-semana-11/07-checkpoint-evaluacion.md	yes	yes	P2	ok
SDD	12-semana-11	Semana 11 · Lección 8: bitácora de commits para que la integración entre features sea auditable y mantenible	12-semana-11/08-bitacora-commits.md	yes	yes	P2	ok
SDD	13-semana-12	Semana 12: modularización con enforcement automático para que la arquitectura se sostenga bajo presión real	13-semana-12/00-semana-12-roadmap.md	yes	yes	P2	ok
SDD	13-semana-12	Semana 12 · Lección 1: por qué tener módulos no evita degradación si faltan reglas ejecutables	13-semana-12/01-problema-modularizacion-sin-reglas.md	yes	yes	P2	ok
SDD	13-semana-12	Semana 12 · Lección 2: cómo escribir una spec de fronteras de módulo que realmente gobierne el sistema	13-semana-12/02-spec-module-boundary-v1.md	yes	yes	P2	ok
SDD	13-semana-12	Semana 12 · Lección 3: llevar la gobernanza de módulos a BDD para que deje de ser discurso y pase a evidencia	13-semana-12/03-bdd-module-boundaries.md	yes	yes	P2	ok
SDD	13-semana-12	Semana 12 · Lección 4: TDD del evaluador para blindar fronteras de módulo frente a regresiones silenciosas	13-semana-12/04-tdd-module-boundary-evaluator.md	yes	yes	P2	ok
SDD	13-semana-12	Semana 12 · Lección 5: llevar el evaluador a producción con una CLI estable y auditable	13-semana-12/05-codigo-module-governance-cli.md	yes	yes	P2	ok
SDD	13-semana-12	Semana 12 · Lección 6: integrar module boundary en quality gates para que la arquitectura sea condición de release	13-semana-12/06-refactor-quality-gates-con-boundaries.md	yes	yes	P2	ok
SDD	13-semana-12	Semana 12 · Lección 7: checkpoint de gobernanza modular con evidencia que resiste auditoría	13-semana-12/07-checkpoint-evaluacion.md	yes	yes	P2	ok
SDD	13-semana-12	Semana 12 · Lección 8: bitácora de commits para que la gobernanza sea memoria viva del equipo	13-semana-12/08-bitacora-commits.md	yes	yes	P2	ok
SDD	14-semana-13	Semana 13: gobernanza técnica con RFC y ADR integrados en el flujo SDD para escalar decisiones	14-semana-13/00-semana-13-roadmap.md	yes	yes	P2	ok
SDD	14-semana-13	Semana 13 · Lección 1: qué se rompe cuando las decisiones no dejan evidencia y solo viven en la memoria	14-semana-13/01-problema-gobernanza-sin-evidencia.md	yes	yes	P2	ok
SDD	14-semana-13	Semana 13 · Lección 2: diseñar una spec de gobernanza que pase de intención a control operativo	14-semana-13/02-spec-gobernanza-rfc-adr-v1.md	yes	yes	P2	ok
SDD	14-semana-13	Semana 13 · Lección 3: traducir gobernanza a BDD para evaluar decisiones con el mismo rigor que una feature	14-semana-13/03-bdd-gobernanza.md	yes	yes	P2	ok
SDD	14-semana-13	Semana 13 · Lección 4: TDD del validador de gobernanza para detectar huecos documentales antes de que escalen	14-semana-13/04-tdd-governance-validator.md	yes	yes	P2	ok
SDD	14-semana-13	Semana 13 · Lección 5: integrar gobernanza en producción para que el proceso sea consistente entre local y CI	14-semana-13/05-codigo-gobernanza-integrada.md	yes	yes	P2	ok
SDD	14-semana-13	Semana 13 · Lección 6: refactor del ciclo RFC y ADR para maximizar claridad y minimizar fricción	14-semana-13/06-refactor-lifecycle-rfc-adr.md	yes	yes	P2	ok
SDD	14-semana-13	Semana 13 · Lección 7: checkpoint final para demostrar gobernanza automatizada con evidencia reproducible	14-semana-13/07-checkpoint-evaluacion.md	yes	yes	P2	ok
SDD	14-semana-13	Semana 13 · Lección 8: bitácora de commits para conservar el hilo de decisiones arquitectónicas	14-semana-13/08-bitacora-commits.md	yes	yes	P2	ok
SDD	15-semana-14	Semana 14: release readiness y rollback drills como disciplina operativa verificable	15-semana-14/00-semana-14-roadmap.md	yes	yes	P2	ok
SDD	15-semana-14	Semana 14 · Lección 1: desplegar sin readiness convierte una regresión normal en un incidente caro	15-semana-14/01-problema-release-sin-readiness.md	yes	yes	P2	ok
SDD	15-semana-14	Semana 14 · Lección 2: especificar release readiness para que el go/no-go sea determinista	15-semana-14/02-spec-release-readiness-v1.md	yes	yes	P2	ok
SDD	15-semana-14	Semana 14 · Lección 3: BDD de release readiness para validar operación con criterios compartidos	15-semana-14/03-bdd-release-readiness.md	yes	yes	P2	ok
SDD	15-semana-14	Semana 14 · Lección 4: TDD del evaluator de readiness para bloquear liberaciones inseguras con precisión	15-semana-14/04-tdd-release-readiness-evaluator.md	yes	yes	P2	ok
SDD	15-semana-14	Semana 14 · Lección 5: pipeline de release readiness para ejecutar go/no-go con evidencia real	15-semana-14/05-codigo-release-readiness-pipeline.md	yes	yes	P2	ok
SDD	15-semana-14	Semana 14 · Lección 6: refactor del runbook para que sea ejecutable bajo estrés real	15-semana-14/06-refactor-runbook-operable.md	yes	yes	P2	ok
SDD	15-semana-14	Semana 14 · Lección 7: checkpoint de readiness para cerrar con garantías operativas verificables	15-semana-14/07-checkpoint-evaluacion.md	yes	yes	P2	ok
SDD	15-semana-14	Semana 14 · Lección 8: bitácora de commits para demostrar madurez operativa y trazabilidad de readiness	15-semana-14/08-bitacora-commits.md	yes	yes	P2	ok
SDD	16-semana-15	Semana 15: hardening con presupuestos medibles para frenar degradación antes de que se vuelva crónica	16-semana-15/00-semana-15-roadmap.md	yes	yes	P2	ok
SDD	16-semana-15	Semana 15 · Lección 1: qué ocurre cuando no hay presupuesto técnico y todo "se arregla luego"	16-semana-15/01-problema-hardening-sin-presupuesto.md	yes	yes	P2	ok
SDD	16-semana-15	Semana 15 · Lección 2: convertir hardening en especificación verificable y no en recomendación vaga	16-semana-15/02-spec-hardening-v1.md	yes	yes	P2	ok
SDD	16-semana-15	Semana 15 · Lección 3: BDD de hardening para hablar de salud técnica con hechos y no con opiniones	16-semana-15/03-bdd-hardening.md	yes	yes	P2	ok
SDD	16-semana-15	Semana 15 · Lección 4: TDD de `HardeningEvaluator` para proteger la política de presupuestos frente al paso del tiempo	16-semana-15/04-tdd-hardening-evaluator.md	yes	yes	P2	ok
SDD	16-semana-15	Semana 15 · Lección 5: código de hardening en producción para detectar degradación antes del incidente	16-semana-15/05-codigo-hardening-cli.md	yes	yes	P2	ok
SDD	16-semana-15	Semana 15 · Lección 6: refactor de presupuestos para ajustar exigencia sin perder rigor técnico	16-semana-15/06-refactor-presupuestos-rendimiento.md	yes	yes	P2	ok
SDD	16-semana-15	Semana 15 · Lección 7: checkpoint de hardening para demostrar prevención técnica, no reacción tardía	16-semana-15/07-checkpoint-evaluacion.md	yes	yes	P2	ok
SDD	16-semana-15	Semana 15 · Lección 8: bitácora de hardening para que las decisiones sigan siendo entendibles en el tiempo	16-semana-15/08-bitacora-commits.md	yes	yes	P2	ok
SDD	17-semana-16	Semana 16: defensa final como validación enterprise de todo el ciclo SDD + IA	17-semana-16/00-semana-16-roadmap.md	yes	yes	P2	ok
SDD	17-semana-16	Semana 16 · Lección 1: por qué una defensa sin evidencia sólida pierde credibilidad aunque la app funcione	17-semana-16/01-problema-defensa-sin-evidencia.md	yes	yes	P2	ok
SDD	17-semana-16	Semana 16 · Lección 2: especificar la defensa final con umbrales para cerrar con criterio objetivo	17-semana-16/02-spec-final-defense-v1.md	yes	yes	P2	ok
SDD	17-semana-16	Semana 16 · Lección 3: BDD de defensa final para convertir aceptación en comportamiento comprobable	17-semana-16/03-bdd-final-defense.md	yes	yes	P2	ok
SDD	17-semana-16	Semana 16 · Lección 4: TDD de `FinalDefenseEvaluator` para blindar el criterio de aceptación final	17-semana-16/04-tdd-final-defense-evaluator.md	yes	yes	P2	ok
SDD	17-semana-16	Semana 16 · Lección 5: pipeline de defensa final para cerrar el curso con un proceso reproducible	17-semana-16/05-codigo-final-defense-pipeline.md	yes	yes	P2	ok
SDD	17-semana-16	Semana 16 · Lección 6: refactor de la defensa para que sea ejecutable por cualquier persona del equipo	17-semana-16/06-refactor-defensa-reproducible.md	yes	yes	P2	ok
SDD	17-semana-16	Semana 16 · Lección 7: checkpoint final del máster para validar el ciclo completo SDD + IA	17-semana-16/07-checkpoint-evaluacion.md	yes	yes	P2	ok
SDD	17-semana-16	Semana 16 · Lección 8: bitácora final para cerrar el curso con trazabilidad completa de 0 a 100	17-semana-16/08-bitacora-commits.md	yes	yes	P2	ok
